Review,Rating,Cleaned_Review,True_Label,ML_Predicted_Label
"It's always been a crap app on the pc, difficult to navigate and now the idiots have made it so I can only get audio on the pc. I don't know how to switch it to video, and to be honest with you it shouldn't be that hard but it is. BYE back to YouTube.",1,its always been a crap app on the pc difficult to navigate and now the idiots have made it so i can only get audio on the pc i dont know how to switch it to video and to be honest with you it shouldnt be that hard but it is bye back to youtube,Negative,Negative
"A buggy mess. The platform breaks continuously and streams are interrupted, is bloated with non-needed features that makes it intrusive and bloated, it opens up distracting small screens without your permission when streaming and removes songs or even changes the content of a song with no warning. Not to say that many artists are not present on Spotify. Spotify started as a great star of technology in Europe but has definitely lost its shine. Some improvements in user experience are due since they also increased the price.",1,a buggy mess the platform breaks continuously and streams are interrupted is bloated with nonneeded features that makes it intrusive and bloated it opens up distracting small screens without your permission when streaming and removes songs or even changes the content of a song with no warning not to say that many artists are not present on spotify spotify started as a great star of technology in europe but has definitely lost its shine some improvements in user experience are due since they also increased the price,Negative,Negative
"Very greedy money hungry company for 12.99 per month I expected to be able to listen to unlimited audiobooks too but I can't even finish one as it's longer than the ""allocated 15 hours of audiobook listening"" per subscription month.If I want to finish the last 3 hours of the book I'd need to get a ""top up"" for £9.99 for 10 extra hours. What a stupid way to squeeze as much money out of people who are already having a hard time money wise. This is ridiculous, in what world do you have to pay for something when you are already paying a premium amount for a subscription...the greed is just astounding",1,very greedy money hungry company for per month i expected to be able to listen to unlimited audiobooks too but i cant even finish one as its longer than the allocated hours of audiobook listening per subscription monthif i want to finish the last hours of the book id need to get a top up for for extra hours what a stupid way to squeeze as much money out of people who are already having a hard time money wise this is ridiculous in what world do you have to pay for something when you are already paying a premium amount for a subscriptionthe greed is just astounding,Negative,Negative
"Customer service is likely entirely AI now pretending to be real person, and they just waste your time, exhaust you, till you can't do this anymore.Just wasted 1.5 hours with a ""supervisor"", from a superior escalation support team. They send me 3 free month offer to give to a friend by email. But the link didn't work. So they runnning me for 1.5 hours to log in log out, on this device on that device. Then suggested to create a new email and new account, etc. After 1.5 hours I freaked out. This is the new globalist western world we're all living now.",1,customer service is likely entirely ai now pretending to be real person and they just waste your time exhaust you till you cant do this anymorejust wasted hours with a supervisor from a superior escalation support team they send me free month offer to give to a friend by email but the link didnt work so they runnning me for hours to log in log out on this device on that device then suggested to create a new email and new account etc after hours i freaked out this is the new globalist western world were all living now,Negative,Negative
For 4 years I was extremely satisfied with the service that I got from Spotify although I think it's a bit pricey I like having a music service. After 4 years there came a month from finances weren't as good and I wasn't able to make the payment as soon as I wasn't able to make the payment I could still use the free Spotify if I want to listen to the same commercial in between every single song on my playlist. The exact same commercial over and over and over until whenever I can pay for this paid service. Thanks Spotify it's a wonderful way to say you appreciate my business.,2,for years i was extremely satisfied with the service that i got from spotify although i think its a bit pricey i like having a music service after years there came a month from finances werent as good and i wasnt able to make the payment as soon as i wasnt able to make the payment i could still use the free spotify if i want to listen to the same commercial in between every single song on my playlist the exact same commercial over and over and over until whenever i can pay for this paid service thanks spotify its a wonderful way to say you appreciate my business,Negative,Negative
"I was a member for many years but then noticed that I was paying an extra 9.99 per month plus addition 9.99 payments from time to time. I then saw that I had signed up to an audiobook subscription, which I have no memory of doing and would not have willingly done.There is only chat support which is a massive waste of time and doesn't work to resolve things easily as its often difficult to communicate the problem clearly,So I've cancelled and will try a different platform with more transparency over subscriptions and better customer support.",1,i was a member for many years but then noticed that i was paying an extra per month plus addition payments from time to time i then saw that i had signed up to an audiobook subscription which i have no memory of doing and would not have willingly donethere is only chat support which is a massive waste of time and doesnt work to resolve things easily as its often difficult to communicate the problem clearlyso ive cancelled and will try a different platform with more transparency over subscriptions and better customer support,Negative,Negative
"My complaint is for any and all Authors. if you are thinking of getting on ""Spotify For Authors"" I'd strongly suggest that you do not do it. Allegedly I had 11 audio-books on Spotify. My first through 3rd audio-books from 2/01/2026 until this morning 9/20/2026. The alleged problem is that ""Spotify For Authors"" gives their customers allegedly (15) Free Hours of Listening time for any and all audio-books they want to listen to. Therefore, even if I have my audio-books selling for $1.99 each retail, that extremely low retail price why should a customer even pay $1.99 to buy my audio-book when all they have to do is use a small part of that 15 hours of free listening time to listen to my audio-books for free? Bottom-Line- I have not been paid ever ""One penny"" since 2/01/2026 for people listening to my audio-book""! if it can happen to me it allegedly can happen to you too!",1,my complaint is for any and all authors if you are thinking of getting on spotify for authors id strongly suggest that you do not do it allegedly i had audiobooks on spotify my first through rd audiobooks from until this morning the alleged problem is that spotify for authors gives their customers allegedly free hours of listening time for any and all audiobooks they want to listen to therefore even if i have my audiobooks selling for each retail that extremely low retail price why should a customer even pay to buy my audiobook when all they have to do is use a small part of that hours of free listening time to listen to my audiobooks for free bottomline i have not been paid ever one penny since for people listening to my audiobook if it can happen to me it allegedly can happen to you too,Negative,Negative
"GREED, MINUTE AND A HALF ADS EVERY 2 SONGS",1,greed minute and a half ads every songs,Negative,Negative
"Spotify is an absolute joke of a platform when it comes to basic user control and content safety. If a toxic, unwanted podcast host or creator keeps getting shoved down your throat, there is zero way to permanently block them, filter them out, or stop the algorithm from spamming your home screen with their garbage.You can rate things 1-star, you can hide episodes, you can clear history, but the app forces this trash right back onto your screen, causing genuine psychological stress and endless frustration for paying subscribers. Meanwhile, their clunky interface traps you in foreign language glitches with no easy way out, and they refuse to implement a basic ""Block Creator"" feature for podcasts. Spotify completely fails its users by forcing unwanted media down your throat with zero accountability. The moment any similar app shows up on the market, I will leave Spotify at the speed of light. Avoid this garbage platform if you actually want control over what you and your family watch or listen to.",1,spotify is an absolute joke of a platform when it comes to basic user control and content safety if a toxic unwanted podcast host or creator keeps getting shoved down your throat there is zero way to permanently block them filter them out or stop the algorithm from spamming your home screen with their garbageyou can rate things star you can hide episodes you can clear history but the app forces this trash right back onto your screen causing genuine psychological stress and endless frustration for paying subscribers meanwhile their clunky interface traps you in foreign language glitches with no easy way out and they refuse to implement a basic block creator feature for podcasts spotify completely fails its users by forcing unwanted media down your throat with zero accountability the moment any similar app shows up on the market i will leave spotify at the speed of light avoid this garbage platform if you actually want control over what you and your family watch or listen to,Negative,Negative
"Ended my subscription on the 01/01/1970 so i am unable to spotify on my main account again, i questioned it through their chat, and even after explaining everything they said they cancelled my sub and ended chat... worst customer service BELIEVE ME i wont be using Spotify again since they cancelled my sub on 01/01/1970",1,ended my subscription on the so i am unable to spotify on my main account again i questioned it through their chat and even after explaining everything they said they cancelled my sub and ended chat worst customer service believe me i wont be using spotify again since they cancelled my sub on,Negative,Negative
"I had a free trial which I cancelled ten days ago. I have a screen grab of my email but I see you cant post photos.Today they billed me £12.99 on the same account.I went onto their online chat and the first lady called me a liar, said that I never cancelled and that its policy not to refund.This got escalated and they asked for me to prove my cancellation days ago and its there policy not to refund..The only anti refund policy on their website is as follows'As a heads up, we can’t refund:Gift cards bought from a store. It’s best to return them to the store. ( NOT ME )Premium payments made through a partner. You can contact them for refund requests (see their details on your account page, under Your plan). ( NOT ME ) 'So this means they could refund me. They chose not to..Third time lucky I sent them a screen grab of my email dated 10 days ago of my cancellation and said I wanted a refund but it was the same cookie cutter template chat saying that depending on the time and date they might refund with full intention of not doing so.I would say cancelling 10 days ago and being charged today and having the email to prove it would warrant a refund.I know Spotify has only just turned a profit but I have a suspicion that this foul play, on their behalf, is how they are doing it. This is basically theft.If this happens to you, go straight for a charge back on your card as they are programmed to not give you a refund under any circumstance",1,i had a free trial which i cancelled ten days ago i have a screen grab of my email but i see you cant post photostoday they billed me on the same accounti went onto their online chat and the first lady called me a liar said that i never cancelled and that its policy not to refundthis got escalated and they asked for me to prove my cancellation days ago and its there policy not to refundthe only anti refund policy on their website is as followsas a heads up we cant refundgift cards bought from a store its best to return them to the store not me premium payments made through a partner you can contact them for refund requests see their details on your account page under your plan not me so this means they could refund me they chose not tothird time lucky i sent them a screen grab of my email dated days ago of my cancellation and said i wanted a refund but it was the same cookie cutter template chat saying that depending on the time and date they might refund with full intention of not doing soi would say cancelling days ago and being charged today and having the email to prove it would warrant a refundi know spotify has only just turned a profit but i have a suspicion that this foul play on their behalf is how they are doing it this is basically theftif this happens to you go straight for a charge back on your card as they are programmed to not give you a refund under any circumstance,Negative,Negative
"​""I have been using Spotify for years, and one of my favorite features is the Daily Mix playlists. These curated playlists offer a seamless mix of songs I already love along with fresh new tracks that align perfectly with my music taste. It makes discovering new artists effortless and keeps my listening experience engaging every single day. The personalization algorithm works remarkably well, creating separate mixes for different genres and moods. Overall, it is a fantastic tool for anyone who loves continuous, hassle-free music tailored to their exact preference.""",3,i have been using spotify for years and one of my favorite features is the daily mix playlists these curated playlists offer a seamless mix of songs i already love along with fresh new tracks that align perfectly with my music taste it makes discovering new artists effortless and keeps my listening experience engaging every single day the personalization algorithm works remarkably well creating separate mixes for different genres and moods overall it is a fantastic tool for anyone who loves continuous hasslefree music tailored to their exact preference,Neutral,Neutral
STOP CHANGING THE FREAKING UI CONSTANTLY!!!!!!!!!!!!!!,1,stop changing the freaking ui constantly,Negative,Negative
"Use Spotify for occasional listening to songs.They seem to have changed how  adverts play. Before a couple of adverts would play and then you had 30 minutes listening or something like that.The adverts on Spotify have never bothered me until today.In the space of an hour I had about 20:adverts, every time I played a new song from my catalogue.I was served the exact same advert over 20 times in a row.Due to this I have deleted the Spotify app from all of my devices and de-selected it on my smart speakers.Experienced on Samsung Galaxy phone.",1,use spotify for occasional listening to songsthey seem to have changed how adverts play before a couple of adverts would play and then you had minutes listening or something like thatthe adverts on spotify have never bothered me until todayin the space of an hour i had about adverts every time i played a new song from my cataloguei was served the exact same advert over times in a rowdue to this i have deleted the spotify app from all of my devices and deselected it on my smart speakersexperienced on samsung galaxy phone,Negative,Negative
Worked for a month then spotify cancelled the service due to location. Im in the UK and it was serviced from India. When I got in touch with Roy's the chat said refund in 3-5 days. I opened a ticket as this is a bott to then being threatened with further fees to cancel totalling €270 are you joking. They say the service is from Germany and laws are different. If you want to pay for a service and get 1 month??? I was an existing spotify customer. Offered a new account that I don't want. So very disappointed in this service and the threating chat. Have taken this further.,1,worked for a month then spotify cancelled the service due to location im in the uk and it was serviced from india when i got in touch with roys the chat said refund in days i opened a ticket as this is a bott to then being threatened with further fees to cancel totalling are you joking they say the service is from germany and laws are different if you want to pay for a service and get month i was an existing spotify customer offered a new account that i dont want so very disappointed in this service and the threating chat have taken this further,Negative,Negative
"I randomly got a TOS infraction email, it didnt even state what TOS i even broke and when i contacted chat support they had no additional information for me and asked me to respond to the email, and it was an auotmated robot so its not gonna do much... are they noobs ? they didnt even try to help, immediately closed my chat and said they couldnt help me. i dont understand why i got a TOS infraction for sending my playlist to somebody? that makes no sense.",1,i randomly got a tos infraction email it didnt even state what tos i even broke and when i contacted chat support they had no additional information for me and asked me to respond to the email and it was an auotmated robot so its not gonna do much are they noobs they didnt even try to help immediately closed my chat and said they couldnt help me i dont understand why i got a tos infraction for sending my playlist to somebody that makes no sense,Negative,Negative
"Spotify have a plan named Spotify 6 in which you can add up to 5 people. However, Spotify isn't allowing me to add the fifth person, saying that it isn't possible for security measures?! This isn't the first time Spotify sets it to maximum level of difficulty to use their services. Terrible customer care experience also.",1,spotify have a plan named spotify in which you can add up to people however spotify isnt allowing me to add the fifth person saying that it isnt possible for security measures this isnt the first time spotify sets it to maximum level of difficulty to use their services terrible customer care experience also,Negative,Negative
"I signed up for a free trial, fully intended to cancel on time. I missed it by just a few HOURS — literally the next morning I saw the charge email and cancelled immediately. I NEVER used Spotify after the trial ended. Not one single song. Not even opened the app. Yet they kept my full £12.99 and refused to refund. It’s not about the money — it’s about principle. Don’t trust their free trials. They make it deliberately easy to miss the deadline and keep your money even when you didn’t use their service. Shame on you, Spotify.",1,i signed up for a free trial fully intended to cancel on time i missed it by just a few hours literally the next morning i saw the charge email and cancelled immediately i never used spotify after the trial ended not one single song not even opened the app yet they kept my full and refused to refund its not about the money its about principle dont trust their free trials they make it deliberately easy to miss the deadline and keep your money even when you didnt use their service shame on you spotify,Negative,Negative
"I am a costumer for a decade. I have aways used spotify in different countries, while travelling and also I staying for longer periods. Now spotify decides I cannot use my account anymore in different countries. They cancelled my premium and even returned the money for the payment. The costumer services was a real  disgrace! I feel I am spat on my face and that they are hyper money driven and  their costumer are just a meaningless stream of income for them, to sa the  least.",1,i am a costumer for a decade i have aways used spotify in different countries while travelling and also i staying for longer periods now spotify decides i cannot use my account anymore in different countries they cancelled my premium and even returned the money for the payment the costumer services was a real disgrace i feel i am spat on my face and that they are hyper money driven and their costumer are just a meaningless stream of income for them to sa the least,Negative,Negative
"Selected 'low quality' 0.02G per hour, as I dont have much data left on holiday. plays at 0.14G per hour. its a simple feature you added to 'improve things' lol. Previously could easily connect to 2 BT speakers, great feature. Gone. Can you please explain why you are charging for such unfinished bug ridden software? No i won't reach out yo customer services who never reply, answer here please",1,selected low quality g per hour as i dont have much data left on holiday plays at g per hour its a simple feature you added to improve things lol previously could easily connect to bt speakers great feature gone can you please explain why you are charging for such unfinished bug ridden software no i wont reach out yo customer services who never reply answer here please,Negative,Negative
"I was able to have the free Spotify and chose my songs even if I had to listen to ads. But know I can't even search a song and listen to it, it just plays the whole album but the song. Free is meant to be same but with adds and not able to skip, but the fact I can't even listen to a song in full to see if I have any to add to my playlist is absord.",1,i was able to have the free spotify and chose my songs even if i had to listen to ads but know i cant even search a song and listen to it it just plays the whole album but the song free is meant to be same but with adds and not able to skip but the fact i cant even listen to a song in full to see if i have any to add to my playlist is absord,Negative,Negative
"Price was good, music was good. Tried it for about 3 weeks and then today it just didn't make any sound. I'm a big music guy and am not clueless about getting my devices to make music. I spent an hour with AI and then Spotify support, who were totally unhelpful and then when I got a little frustrated and mentioned that I used Amazon Music for years with zero issues, they cut off the chat. So I canceled my service.",2,price was good music was good tried it for about weeks and then today it just didnt make any sound im a big music guy and am not clueless about getting my devices to make music i spent an hour with ai and then spotify support who were totally unhelpful and then when i got a little frustrated and mentioned that i used amazon music for years with zero issues they cut off the chat so i canceled my service,Negative,Negative
"Music recommendations are solid, but using the free version is frustrating. You're hit with 30 second ads every few tracks and skip limits. On top of that, basic functionality like crossfade and organizing your queue are locked behind a paywall, and the app feels buggy. (I personally recommend YouTube Music or for the same price use Apple Music)",2,music recommendations are solid but using the free version is frustrating youre hit with second ads every few tracks and skip limits on top of that basic functionality like crossfade and organizing your queue are locked behind a paywall and the app feels buggy i personally recommend youtube music or for the same price use apple music,Negative,Negative
"4-5 Ads after 2-3 Songs, songs sometimes start seconds after the original beginning and sometimes a couple of seconds delay when song ends. Overall a really bad music app. This started only a couple of weeks/months ago tho.",1,ads after songs songs sometimes start seconds after the original beginning and sometimes a couple of seconds delay when song ends overall a really bad music app this started only a couple of weeksmonths ago tho,Negative,Negative
"Awful, any time i cant find a song this is last place i go … gimps",1,awful any time i cant find a song this is last place i go gimps,Negative,Negative
"So many issues with their app. Cna you get help with those issues? NoThey'll send exactly one email telling you to do something that you've already told them you've tried, and then ghost you. Absolutely useless customer service. It doesn't surprise me that their Trustpilot profile is under investigation for something they've done.",1,so many issues with their app cna you get help with those issues notheyll send exactly one email telling you to do something that youve already told them youve tried and then ghost you absolutely useless customer service it doesnt surprise me that their trustpilot profile is under investigation for something theyve done,Negative,Negative
"The 3-month premium subscription lasted only 3 days. Customer service claims the account had been used previously, which is not true.",1,the month premium subscription lasted only days customer service claims the account had been used previously which is not true,Negative,Negative
"App sucks. They play way more adds than your actual music. They put 3 commercials for every 1 song you want to listen.  They just started doing this so people upgrade. It's ridiculous,  this wasn't happening before. They keep pushing people to pay for app again. App is absolute garbage!!!!.",1,app sucks they play way more adds than your actual music they put commercials for every song you want to listen they just started doing this so people upgrade its ridiculous this wasnt happening before they keep pushing people to pay for app again app is absolute garbage,Negative,Negative
Disgrace of a company,1,disgrace of a company,Negative,Negative
SCAMMERS. Locked me out of my account would not re activate it but still taking my money.. AVOID THIS COMPANY!!!,1,scammers locked me out of my account would not re activate it but still taking my money avoid this company,Negative,Negative
"I have been using Spotify for years and the app itself is great, however the payment system is SHOCKING! If the payment fails, they notify you and if you correct it on your banking it takes up to a WEEK for them to put the payment through again! They need to up their online game for payments!",1,i have been using spotify for years and the app itself is great however the payment system is shocking if the payment fails they notify you and if you correct it on your banking it takes up to a week for them to put the payment through again they need to up their online game for payments,Negative,Negative
they wont fix it I keep texting them to fix it then they said they did but really it doesn't work at all like just let me play my music Mija and also do not get this dumb app,1,they wont fix it i keep texting them to fix it then they said they did but really it doesnt work at all like just let me play my music mija and also do not get this dumb app,Negative,Negative
"Extremely disappointing experience with Spotify Premium Family support.I have been a Spotify customer for several years and I manage a Premium Family plan allowing up to 6 members. My plan currently has only 4 members, yet Spotify is now preventing me from adding any new members.The issue was reported to Spotify Support on August 29, 30 and 31, 2026.Several different people have successively encountered the same restriction. In the most recent case, the invited member was rejected before even being given the opportunity to enter the household address.After numerous exchanges with Support, Spotify eventually informed me in writing that the restriction resulted from an “automatic risk detection” and later referred to an “automatic protection”.I repeatedly requested:– the precise reason for the restriction;– the date and event that triggered it;– the contractual rule involved;– how long the restriction will last;– the conditions required for it to be lifted;– and a genuine human review of the decision.I have received no precise answer to any of these questions.On August 30, one Spotify adviser wrote:“We unfortunately cannot lift this restriction.”When I asked for the official reason, the adviser replied:“The official reason is that I do not have any more information to provide you.”Yet only a few hours later, the same support service told me:“Don’t worry, your problem will be resolved.”Then, following another review, Spotify eventually stated:“This action is blocked by an automatic protection that we cannot disable.”This is precisely what I find unacceptable: contradictory answers, promises that the problem will be resolved followed by refusals, numerous changes of support advisers, and still no concrete explanation as to why my paid subscription is being restricted in this way.I have kept the emails, screenshots, names of advisers, dates and times of the conversations. I am attaching several screenshots so that anyone reading this review can see that it is based on Spotify’s own written responses, not simply on my allegations.After several hours spent trying to obtain an explanation and a solution, the issue remains unresolved.A formal complaint and notice have been sent to Spotify. If no satisfactory solution is provided, I will pursue the appropriate steps with the relevant authorities and consider the legal remedies available to me.I will, of course, update this review if Spotify ultimately provides a genuine solution.As of today: issue NOT RESOLVED and an extremely unsatisfactory support experience.",1,extremely disappointing experience with spotify premium family supporti have been a spotify customer for several years and i manage a premium family plan allowing up to members my plan currently has only members yet spotify is now preventing me from adding any new membersthe issue was reported to spotify support on august and several different people have successively encountered the same restriction in the most recent case the invited member was rejected before even being given the opportunity to enter the household addressafter numerous exchanges with support spotify eventually informed me in writing that the restriction resulted from an automatic risk detection and later referred to an automatic protectioni repeatedly requested the precise reason for the restriction the date and event that triggered it the contractual rule involved how long the restriction will last the conditions required for it to be lifted and a genuine human review of the decisioni have received no precise answer to any of these questionson august one spotify adviser wrotewe unfortunately cannot lift this restrictionwhen i asked for the official reason the adviser repliedthe official reason is that i do not have any more information to provide youyet only a few hours later the same support service told medont worry your problem will be resolvedthen following another review spotify eventually statedthis action is blocked by an automatic protection that we cannot disablethis is precisely what i find unacceptable contradictory answers promises that the problem will be resolved followed by refusals numerous changes of support advisers and still no concrete explanation as to why my paid subscription is being restricted in this wayi have kept the emails screenshots names of advisers dates and times of the conversations i am attaching several screenshots so that anyone reading this review can see that it is based on spotifys own written responses not simply on my allegationsafter several hours spent trying to obtain an explanation and a solution the issue remains unresolveda formal complaint and notice have been sent to spotify if no satisfactory solution is provided i will pursue the appropriate steps with the relevant authorities and consider the legal remedies available to mei will of course update this review if spotify ultimately provides a genuine solutionas of today issue not resolved and an extremely unsatisfactory support experience,Negative,Negative
Free trial automatically renewed without enough warning. Cancelled immediately and asked for a refund — they refused. Didn't use the service but still lost £12.99. Be very careful — they make it hard to get your money back even when you cancel right away.,1,free trial automatically renewed without enough warning cancelled immediately and asked for a refund they refused didnt use the service but still lost be very careful they make it hard to get your money back even when you cancel right away,Negative,Negative
"I've been using Spotify since its early beta release.  But I will be cancelling my family subscription shortly.The UI has got progressively worse over the years with no ability to modify this.The Android app has become very glitchy and uses an enormous amount of device storage.Today I've tried to add member to the family plan, only for this rejected due the address not matching the account address.I'VE ENTERED THE EXACT SAME ADDRESS but it kept rejecting it.Total shambles.Everyone,  do yourself a favour and don't waste your time and hard earned money on Spotify.I'm moving over to YouTube Music now... it has its issues and frustrations, but at least it functions.",1,ive been using spotify since its early beta release but i will be cancelling my family subscription shortlythe ui has got progressively worse over the years with no ability to modify thisthe android app has become very glitchy and uses an enormous amount of device storagetoday ive tried to add member to the family plan only for this rejected due the address not matching the account addressive entered the exact same address but it kept rejecting ittotal shambleseveryone do yourself a favour and dont waste your time and hard earned money on spotifyim moving over to youtube music now it has its issues and frustrations but at least it functions,Negative,Negative
"Spotify's desktop app stopped producing audio on my Mac while all other audio worked normally. I contacted support, where a bot (which refused to identify itself as such) declined a refund for a service that was not functioning, offered no compensation, and presented only two options: perform an indefinite amount of unpaid labor troubleshooting, or cancel moving forward. When I asked to speak with a human agent, I was denied. When I indicated I would send the chat transcript to the FTC and our state's AG office, I was transferred to a human agent.The human agent offered no meaningful support, including suggested a fix of reinstalling the app, did not work. The reinstall does not clear a hidden local config directory that was the actual source of the problem. I resolved the issue myself after ending the support session and spending considerable individual effort.If you have the same problem (desktop app silent, browser or other audio works fine), quit Spotify, open Terminal, run rm -rf ~/Library/Application\ Support/Spotify, and relaunch. You will need to log in again, but it resets the corrupted audio routing config that a normal reinstall leaves in place.A company that charges $23.53/month for a family plan should be able to diagnose its own software failures, not recite refund policy while its product sits broken.",2,spotifys desktop app stopped producing audio on my mac while all other audio worked normally i contacted support where a bot which refused to identify itself as such declined a refund for a service that was not functioning offered no compensation and presented only two options perform an indefinite amount of unpaid labor troubleshooting or cancel moving forward when i asked to speak with a human agent i was denied when i indicated i would send the chat transcript to the ftc and our states ag office i was transferred to a human agentthe human agent offered no meaningful support including suggested a fix of reinstalling the app did not work the reinstall does not clear a hidden local config directory that was the actual source of the problem i resolved the issue myself after ending the support session and spending considerable individual effortif you have the same problem desktop app silent browser or other audio works fine quit spotify open terminal run rm rf libraryapplication supportspotify and relaunch you will need to log in again but it resets the corrupted audio routing config that a normal reinstall leaves in placea company that charges month for a family plan should be able to diagnose its own software failures not recite refund policy while its product sits broken,Negative,Negative
Had them all . lot on free trial and decided on Spotify..it is without doubt the best huge choice songs..podcasts ect . Lot choose from ..to buy records cost to much  .go premium and listen to who and when want.found right one ..,5,had them all lot on free trial and decided on spotifyit is without doubt the best huge choice songspodcasts ect lot choose from to buy records cost to much go premium and listen to who and when wantfound right one,Positive,Positive
"Been there as an artist for many years all my albums listed there ,I never received a single penny of royalties from them the artist is left behindThey don t care",1,been there as an artist for many years all my albums listed there i never received a single penny of royalties from them the artist is left behindthey don t care,Negative,Negative
"Not sure why it gives you the option to have a 1star review when it won’t accept one ! This should be 1 star not 2 !!!Pay for the family plan and wow cannot believe how shockingly bad this app is! Not sure why people rave about it as all it’s done so far is freeze, stop playing music and knocking off and play the same songs again and again just on a different order! You try adding new songs to your playlist to come back the next day and they’ve gone or been replaced with a shot copy! You ask for other types of music and yet again it freezes n cuts you off which then becomes a distraction while driving! I think sound clouds free version gives you better options just a shame about the adverts!",2,not sure why it gives you the option to have a star review when it wont accept one this should be star not pay for the family plan and wow cannot believe how shockingly bad this app is not sure why people rave about it as all its done so far is freeze stop playing music and knocking off and play the same songs again and again just on a different order you try adding new songs to your playlist to come back the next day and theyve gone or been replaced with a shot copy you ask for other types of music and yet again it freezes n cuts you off which then becomes a distraction while driving i think sound clouds free version gives you better options just a shame about the adverts,Negative,Negative
"For an app that only has ONE real job, playing music, Spotify does an incredible job of making the experience absolutely horrible.My account currently looks like it's been shadowbanned or something, and as always, it happened completely out of nowhere for no apparent reason.The app demands an absurd amount of GPU/System attention/resources for something that should just play audio, constantly introduces unnecessary features that arrive broken, adds dominant functionality that interferes with other applications (such as screen recordings, Spotify just ends them), and somehow can't even play music if my headset is configured with a higher-quality audio format than whatever Spotify happens to support. That alone should be a major red flag. In this case, it simply refuses to play anything at all.Whatever problem you're having, the troubleshooting journey always seems to start the same:• Reinstall through the Microsoft Store? Still broken.• Reinstall using the standalone installer? Still broken.• Clear the cache? Still broken.And the list of troubleshooting steps you're expected to go through just to fix an application whose primary purpose is clicking ""Play"" on a song is honestly hilarious.I do absolutely nothing with Spotify except listen to music. I don't use videos, social features, recommendations, AI features, or any of the other extras they keep adding. I just want to play music. Yet somehow the application continues to break in the most random and frustrating ways imaginable.The most frustrating part is that this isn't even a new problem. I was dealing with this kind of nonsense years ago, and now, years later, it feels like absolutely nothing has changed. Different, but also similar bugs, same bad experience.At this point, I'm simply done with the platform.",1,for an app that only has one real job playing music spotify does an incredible job of making the experience absolutely horriblemy account currently looks like its been shadowbanned or something and as always it happened completely out of nowhere for no apparent reasonthe app demands an absurd amount of gpusystem attentionresources for something that should just play audio constantly introduces unnecessary features that arrive broken adds dominant functionality that interferes with other applications such as screen recordings spotify just ends them and somehow cant even play music if my headset is configured with a higherquality audio format than whatever spotify happens to support that alone should be a major red flag in this case it simply refuses to play anything at allwhatever problem youre having the troubleshooting journey always seems to start the same reinstall through the microsoft store still broken reinstall using the standalone installer still broken clear the cache still brokenand the list of troubleshooting steps youre expected to go through just to fix an application whose primary purpose is clicking play on a song is honestly hilariousi do absolutely nothing with spotify except listen to music i dont use videos social features recommendations ai features or any of the other extras they keep adding i just want to play music yet somehow the application continues to break in the most random and frustrating ways imaginablethe most frustrating part is that this isnt even a new problem i was dealing with this kind of nonsense years ago and now years later it feels like absolutely nothing has changed different but also similar bugs same bad experienceat this point im simply done with the platform,Negative,Negative
Horrible support. Worst of any company. Actually its worse than horrible. Its a disgrace. It does damage to support peoples reputation in general and damages the mental state of Spotify's customers.,1,horrible support worst of any company actually its worse than horrible its a disgrace it does damage to support peoples reputation in general and damages the mental state of spotifys customers,Negative,Negative
"Honestly, I liked Spotify before. It had lots of music and podcasts I enjoyed listening to and they even upgraded to offer audiobooks.However, they have too much ai made music and their ceo has decided to use his Spotify money to invest in AI warfare, which is quite disgusting. Cancelled my subscription, not worth it. Tidal and other music streaming services are better",1,honestly i liked spotify before it had lots of music and podcasts i enjoyed listening to and they even upgraded to offer audiobookshowever they have too much ai made music and their ceo has decided to use his spotify money to invest in ai warfare which is quite disgusting cancelled my subscription not worth it tidal and other music streaming services are better,Negative,Negative
"Spotify is a good music platform, but the constant little problems make it a frustrating experience. The free version is almost unbearable, and even in the paid plan the shuffle on random is anything but random, and the app seems to bug at the worst possible times.The biggest issue is the support when something goes wrong, there is no way of getting actual help.I still use it for now but there are a lot of things that need fixing soon.",3,spotify is a good music platform but the constant little problems make it a frustrating experience the free version is almost unbearable and even in the paid plan the shuffle on random is anything but random and the app seems to bug at the worst possible timesthe biggest issue is the support when something goes wrong there is no way of getting actual helpi still use it for now but there are a lot of things that need fixing soon,Neutral,Neutral
I have EVERY song in the universe at my autistic fingertips and I can only hear 6 before they say NO INTERNET CONNECTION my internet is strong I go through my wi fi from my Hulu if I have a terrible meltdown and have to be sent to an autism specialist AGAIN ill make sure that the ENTIRE world hears about how bad this platform truly is and everyone is gonna hate you for sure,1,i have every song in the universe at my autistic fingertips and i can only hear before they say no internet connection my internet is strong i go through my wi fi from my hulu if i have a terrible meltdown and have to be sent to an autism specialist again ill make sure that the entire world hears about how bad this platform truly is and everyone is gonna hate you for sure,Negative,Negative
"I would not even give it 1 star, they signed me upto premium without even asking said I did it never have never will, and no 1 has been on my fone, then the customer service kathik barthak was less than helpful, just said you signed up for it so that's it, then said if he doesn't answer next reply he will put me onto someone else. Absolutely descusting, police need to investigate this company and the people it has working for it",1,i would not even give it star they signed me upto premium without even asking said i did it never have never will and no has been on my fone then the customer service kathik barthak was less than helpful just said you signed up for it so thats it then said if he doesnt answer next reply he will put me onto someone else absolutely descusting police need to investigate this company and the people it has working for it,Negative,Negative
"WHO the F. Destroyed Spotify. It’s total crab now, not possibility to contact any support Only some stupid ai answer.Find another service this is hopeless",1,who the f destroyed spotify its total crab now not possibility to contact any support only some stupid ai answerfind another service this is hopeless,Negative,Negative
"Everything about the platform is a conjob. Why create playlists... because you like songs? Yet the Spotify so-called shuffle is a joke! If your playlist is 50 songs knock yourself out. If it's 4000+ songs...be prepared to hear 50 songs over and over. The Spotify Shuffle, Smart Shuffle, Auto Shuffle, Fewer Repeats radio button or other so-called shuffle ""technology"" is a complete joke and conjob. AI...Assault ""on your"" Intelligence. What an AJ... Absolute Joke!!!!!!!!!!!!!!!!!!!!!!!!!!!!!!!!!",1,everything about the platform is a conjob why create playlists because you like songs yet the spotify socalled shuffle is a joke if your playlist is songs knock yourself out if its songsbe prepared to hear songs over and over the spotify shuffle smart shuffle auto shuffle fewer repeats radio button or other socalled shuffle technology is a complete joke and conjob aiassault on your intelligence what an aj absolute joke,Negative,Negative
"I have had a terrible experience this afternoon. Thanks to Spotify repeatedly skipping around, playing different songs etc, my hike was ruined and I ended up having an autistic meltdown.Let me be clear: this is NOT an acceptable level of service. I am a paying customer. I expect a basic standard of competence. Please ensure your service is improved so this never happens again. Otherwise I will be forced to demand my money back.",1,i have had a terrible experience this afternoon thanks to spotify repeatedly skipping around playing different songs etc my hike was ruined and i ended up having an autistic meltdownlet me be clear this is not an acceptable level of service i am a paying customer i expect a basic standard of competence please ensure your service is improved so this never happens again otherwise i will be forced to demand my money back,Negative,Negative
"Be very careful with Spotify’s trials and subscription renewals. My trial ended, and despite having my student status fully verified in their system, they quietly switched me to the full-price Individual plan instead of applying the student discount.When I caught the charge on the exact billing date, canceled the service, and requested a refund within the 14-day EU right of withdrawal, support initially tried to deny it, claiming refunds aren't available for automatic renewals. Only after repeatedly fighting them on my legal rights did they agree to process it, while unprofessionally framing a legal refund as a ""one-time courtesy.Shame on you, Spotify, for relying on automatic trap systems to overcharge customers and trying to deny people their basic consumer rights. Check your bank statements and know your rights!",1,be very careful with spotifys trials and subscription renewals my trial ended and despite having my student status fully verified in their system they quietly switched me to the fullprice individual plan instead of applying the student discountwhen i caught the charge on the exact billing date canceled the service and requested a refund within the day eu right of withdrawal support initially tried to deny it claiming refunds arent available for automatic renewals only after repeatedly fighting them on my legal rights did they agree to process it while unprofessionally framing a legal refund as a onetime courtesyshame on you spotify for relying on automatic trap systems to overcharge customers and trying to deny people their basic consumer rights check your bank statements and know your rights,Negative,Negative
I'm an artist but I also had a listener account.  I used that acct to promote my music by playlist that I created with my premium account. Well that got my music shutdown. That's still a breech of thier own premium account agreement.,1,im an artist but i also had a listener account i used that acct to promote my music by playlist that i created with my premium account well that got my music shutdown thats still a breech of thier own premium account agreement,Negative,Negative
"The free version works fine for about five seconds until you try to loop songs. On the mobile app especially, songs on the free version cannot be looped properly. I've tried adding playlists with one song entered, over, and over, and over again. However, if you're like me, and you like listening to YOUR music, and not the recommended songs that Spotify forces on you, you're eventually going to run into the problem where it says, ""Cannot queue this content."" In fact, even if you go to the search bar and pick a song there, it will not play that song. It will play another ""recommended song."" That is not what a user wants! They want to listen to their music that they CHOOSE. Not a recommended song. I will say, giving some credit to Spotify here, adding a single song on a playlist does work in looping it. However, this is largely counteracted with Spotify mixing in recommended songs in that playlist due to ""Smart Shuffle."" Some people just want to loop their music without having to pay for a subscription.Another issue that I have found incredibly annoying are the ""Made For You"" playlists. Some people may find these just fine. Even I have a ""Made For You"" playlist that I listen to regularly. My only issue that I have with those playlists is the fact that you can't delete them. C'mon, at least let us users be able to have an option to remove these from our home screens so it's not cluttered up with 5 or 6 playlists we'll never listen too. At least for me, a lot of these playlists are single songs that I listened to because I accidentally hit a playlist instead of a song. I'll admit, yes that is my fault for not reading, but at least give us the option to remove unwanted playlists, even if they are made for us.Oh, and don't get me started with, what I like to call, ""Undead Playlists."" Once upon a time, a younger me made a playlist. I listened to it, enjoyed it, but music taste changes (something that I don't think Spotify really considers unless you're actively ""removing from taste profile""), so now an older me tried deleting that playlist. And it deleted...for three seconds. I closed and reopened the app the next day, and what do you know? There it is, an empty playlist, taking up space, undelete-able. And I can't remove it to this day. This is something super annoying, ruining the user experience, that could be fixed with a simple feature of being able to remove unwanted playlists from your homepage!I want to be able to freely skip songs that I don't want to listen to, instead of just 6 an hour. I want to be able to listen to whatever song I want, when I want, however many times I choose to. I want to be able to clear unwanted playlists from my homepage. Above all, I want these features available on free version of the Spotify app. Users should NOT be forced to pay for a subscription just to have a good user experience. Lot of us don't have the option to pay for a subscription whatsoever. As far as I'm aware, the free trial doesn't even activate on the mobile app, at least, it doesn't for me.The only, only downside that the free version should be the adds. Whether a user is paying for a subscription, or a user is interrupted with adds, Spotify will make money either way.Fix the user experience for free users. Stop breaking the free version of Spotify just to get users to pay for a $12.99 subscription.I hope you consider this message, and have a wonderful day.",1,the free version works fine for about five seconds until you try to loop songs on the mobile app especially songs on the free version cannot be looped properly ive tried adding playlists with one song entered over and over and over again however if youre like me and you like listening to your music and not the recommended songs that spotify forces on you youre eventually going to run into the problem where it says cannot queue this content in fact even if you go to the search bar and pick a song there it will not play that song it will play another recommended song that is not what a user wants they want to listen to their music that they choose not a recommended song i will say giving some credit to spotify here adding a single song on a playlist does work in looping it however this is largely counteracted with spotify mixing in recommended songs in that playlist due to smart shuffle some people just want to loop their music without having to pay for a subscriptionanother issue that i have found incredibly annoying are the made for you playlists some people may find these just fine even i have a made for you playlist that i listen to regularly my only issue that i have with those playlists is the fact that you cant delete them cmon at least let us users be able to have an option to remove these from our home screens so its not cluttered up with or playlists well never listen too at least for me a lot of these playlists are single songs that i listened to because i accidentally hit a playlist instead of a song ill admit yes that is my fault for not reading but at least give us the option to remove unwanted playlists even if they are made for usoh and dont get me started with what i like to call undead playlists once upon a time a younger me made a playlist i listened to it enjoyed it but music taste changes something that i dont think spotify really considers unless youre actively removing from taste profile so now an older me tried deleting that playlist and it deletedfor three seconds i closed and reopened the app the next day and what do you know there it is an empty playlist taking up space undeleteable and i cant remove it to this day this is something super annoying ruining the user experience that could be fixed with a simple feature of being able to remove unwanted playlists from your homepagei want to be able to freely skip songs that i dont want to listen to instead of just an hour i want to be able to listen to whatever song i want when i want however many times i choose to i want to be able to clear unwanted playlists from my homepage above all i want these features available on free version of the spotify app users should not be forced to pay for a subscription just to have a good user experience lot of us dont have the option to pay for a subscription whatsoever as far as im aware the free trial doesnt even activate on the mobile app at least it doesnt for methe only only downside that the free version should be the adds whether a user is paying for a subscription or a user is interrupted with adds spotify will make money either wayfix the user experience for free users stop breaking the free version of spotify just to get users to pay for a subscriptioni hope you consider this message and have a wonderful day,Negative,Negative
"Everytime I put in my email, they keep redirecting me to the help area and I have been having this issue for 2 WEEKS. If I try to sign up using that email, they tell me it already has an account. I hope you will be able to fix this soon as I really love spotify and I would like to use it again soon.",1,everytime i put in my email they keep redirecting me to the help area and i have been having this issue for weeks if i try to sign up using that email they tell me it already has an account i hope you will be able to fix this soon as i really love spotify and i would like to use it again soon,Negative,Negative
Terrible experience with this companyI placed an order for an outdoor storage box on 4th JuneI have never received it nor do the company reply to any of my messages.One very unhappy customer.,1,terrible experience with this companyi placed an order for an outdoor storage box on th junei have never received it nor do the company reply to any of my messagesone very unhappy customer,Negative,Negative
Spotify is a good site to listen to the music I like.i love that u can even buy different artists swag on here. Great app,5,spotify is a good site to listen to the music i likei love that u can even buy different artists swag on here great app,Positive,Positive
What I can listen to one song and that's it,1,what i can listen to one song and thats it,Negative,Negative
"I pay for Spotify Premium specifically to get an ad-free listening experience, yet I’m now being subjected to unskippable advertisements.I understand that podcasts can contain sponsorships from the creators themselves, but if Spotify is putting advertisements in front of paying Premium subscribers, that completely undermines one of the main reasons people pay for Premium in the first place.If Spotify wants to change what Premium includes, it should be made extremely clear to customers. Paying for a supposedly ad-free service only to encounter unskippable adverts feels misleading.Very disappointing from a service I’ve paid for for years.",1,i pay for spotify premium specifically to get an adfree listening experience yet im now being subjected to unskippable advertisementsi understand that podcasts can contain sponsorships from the creators themselves but if spotify is putting advertisements in front of paying premium subscribers that completely undermines one of the main reasons people pay for premium in the first placeif spotify wants to change what premium includes it should be made extremely clear to customers paying for a supposedly adfree service only to encounter unskippable adverts feels misleadingvery disappointing from a service ive paid for for years,Negative,Negative
"I'VE BEEN USING THEM FOR A WHILE, BUT THE APP CRASHED WHEN I TRIED TO SUBMIT MY ORDER, TBH, WHICH WASTED A GOOD 20 MINUTES OF MY TIME! DISAPPOINTING EXPERIENCE OVERALL!",1,ive been using them for a while but the app crashed when i tried to submit my order tbh which wasted a good minutes of my time disappointing experience overall,Negative,Negative
"I hate to say it but the website was super confusing to navigate, seriously, leaving me pretty frustrated with the whole thing. Very annoying.",2,i hate to say it but the website was super confusing to navigate seriously leaving me pretty frustrated with the whole thing very annoying,Negative,Negative
"HONESTLY SPEAKING, CUSTOMER SERVICE WAS PRACTICALLY NON-EXISTENT, YOU KNOW, WHICH IS UNACCEPTABLE FOR A COMPANY THIS SIZE! JUST A HEADS UP FOR OTHERS!",1,honestly speaking customer service was practically nonexistent you know which is unacceptable for a company this size just a heads up for others,Negative,Negative
"Honestly, the shipping was ridiculously slow, like, leaving me pretty frustrated with the whole thing. Avoid if you are in a hurry.",2,honestly the shipping was ridiculously slow like leaving me pretty frustrated with the whole thing avoid if you are in a hurry,Negative,Negative
"Want to listen to a ten minute podcast? Or a few songs? Too bad,you're on Spotify. I wanted to listen to a podcast episode that only lasted about ten minutes, instead I got five add breaks all about three minutes long . Don't even try to listen to a playlist if you don't have premium,you'll listen to more ads than actual content. Spotify sucks,don't install .",1,want to listen to a ten minute podcast or a few songs too badyoure on spotify i wanted to listen to a podcast episode that only lasted about ten minutes instead i got five add breaks all about three minutes long dont even try to listen to a playlist if you dont have premiumyoull listen to more ads than actual content spotify sucksdont install,Negative,Negative
The app has huge problems on windows and this issue is well known and commented on the community but Spotify di nothing to rectify. very poor service. I expect a better customer support as a premium subscriber. My recommendation is to find another music player provider.,1,the app has huge problems on windows and this issue is well known and commented on the community but spotify di nothing to rectify very poor service i expect a better customer support as a premium subscriber my recommendation is to find another music player provider,Negative,Negative
"I'm trying to export my playlists to import into a competitor. I have various playlists, for example one has over 300 songs. However, using the various ""shuffle"" settings are ignored and will only shuffle the same blocks of songs. I can hear the same song 3 times before one of the others outside that designated block. Their advice, ""sign out then back in to the app"" or delete the app and reinstall it. Well, that's not a fix for poorly written software that's what we call in the industry a Band-Aid and it's only a Band-aid if it provides a temporary solution which it still does not. So my question is, has anyone ever figured out how to export their playlists and import to another platform? I'm tired of having to manually select songs outside the block their algo's constantly have on repeat",1,im trying to export my playlists to import into a competitor i have various playlists for example one has over songs however using the various shuffle settings are ignored and will only shuffle the same blocks of songs i can hear the same song times before one of the others outside that designated block their advice sign out then back in to the app or delete the app and reinstall it well thats not a fix for poorly written software thats what we call in the industry a bandaid and its only a bandaid if it provides a temporary solution which it still does not so my question is has anyone ever figured out how to export their playlists and import to another platform im tired of having to manually select songs outside the block their algos constantly have on repeat,Negative,Negative
"Awful. Says free trial for a month to find they want to take £1.01 from your account so if youre on you bum with mobey, you cannot start the ""free"" trial. If you dont pay premium, you can only skip a certain amount of songs and replay a certain amount as well. Down loaded play list also gets deleted if you dobt comply. Go to youtube. If its on Spotify its on YouTube and its worth paying for no ads because theres literally everything on there so you wont be paying multiple services trying to find that 1 thing :) youtube all the way.",1,awful says free trial for a month to find they want to take from your account so if youre on you bum with mobey you cannot start the free trial if you dont pay premium you can only skip a certain amount of songs and replay a certain amount as well down loaded play list also gets deleted if you dobt comply go to youtube if its on spotify its on youtube and its worth paying for no ads because theres literally everything on there so you wont be paying multiple services trying to find that thing youtube all the way,Negative,Negative
"It's one of the worst apps in the world, you can't listen to your songs until you pay, which is pretty bad when you're under 18 and your parents are saving every penny.You can't listen to songs, you can't choose what you listen to, it puts shit on there that you don't like and you can't even switch it off.You are constantly interrupted by ads even though you have an adblocker,What bothers me the most is that I can't listen to what I want, only what they force on me.",1,its one of the worst apps in the world you cant listen to your songs until you pay which is pretty bad when youre under and your parents are saving every pennyyou cant listen to songs you cant choose what you listen to it puts shit on there that you dont like and you cant even switch it offyou are constantly interrupted by ads even though you have an adblockerwhat bothers me the most is that i cant listen to what i want only what they force on me,Negative,Negative
"I signed up for a `Free Trial' on Spotify's Audiobook subscription and I made a date on my Calendar to cancel the trial before it became chargeable. Unfortunately this cancellation mysteriously vanished and they charged me the full amount, despite the fact I hadn't used the service for even a second. I spent the best part of 2 hours trying to remedy this without success. They said they send an email out confirming cancellation but having cancelled for second time I still haven't received this email. Just rubbish customer service and avoid their so called Free Trials at all costs!!",1,i signed up for a free trial on spotifys audiobook subscription and i made a date on my calendar to cancel the trial before it became chargeable unfortunately this cancellation mysteriously vanished and they charged me the full amount despite the fact i hadnt used the service for even a second i spent the best part of hours trying to remedy this without success they said they send an email out confirming cancellation but having cancelled for second time i still havent received this email just rubbish customer service and avoid their so called free trials at all costs,Negative,Negative
"Thee is only one problem with Spotify premium as far as this sometimes indecisive person is concerned. With so much choice, what shall I listen to next.Whether relaxing at home or out and about, Spotify is my go to choice for music, podcasts and audio books. As well as tried and trusted favourites, I use it as a way to discover new artists and groups, by typing two or three letters and randomly choosing one of the things that appears.",5,thee is only one problem with spotify premium as far as this sometimes indecisive person is concerned with so much choice what shall i listen to nextwhether relaxing at home or out and about spotify is my go to choice for music podcasts and audio books as well as tried and trusted favourites i use it as a way to discover new artists and groups by typing two or three letters and randomly choosing one of the things that appears,Positive,Positive
"Spotify is still serving paid advertisements before podcasts, despite my having a Premium subscription. To be clear, I am not referring to ads that are embedded in the podcast by the creator or host. These are Spotify-delivered ads that play before the podcast starts.I contacted Customer Support and was informed that this is the expected behaviour under the current offering.Frankly, I find this quite disappointing. Paying for a Premium subscription while still being served ads before content starts feels contrary to the purpose of a paid, ad-free service. In my view, this significantly reduces the value of the subscription and creates a poor customer experience, zero value in paying for Sportify!",1,spotify is still serving paid advertisements before podcasts despite my having a premium subscription to be clear i am not referring to ads that are embedded in the podcast by the creator or host these are spotifydelivered ads that play before the podcast startsi contacted customer support and was informed that this is the expected behaviour under the current offeringfrankly i find this quite disappointing paying for a premium subscription while still being served ads before content starts feels contrary to the purpose of a paid adfree service in my view this significantly reduces the value of the subscription and creates a poor customer experience zero value in paying for sportify,Negative,Negative
"Used to think this was a brilliant app and a real boon to a music loving pensioner until I was kicked off from my son's Family account as we no longer live in the same house. Why call it Family, surely Household if you can't support your own parents in their later years! With 2 kids under 4 unlikely to use, surely due a refund? Shame on you, Spotify: blatant profiteering and I suggest lacking the principles of its foundation. Chasing the dollar. What a world we are turning into...",1,used to think this was a brilliant app and a real boon to a music loving pensioner until i was kicked off from my sons family account as we no longer live in the same house why call it family surely household if you cant support your own parents in their later years with kids under unlikely to use surely due a refund shame on you spotify blatant profiteering and i suggest lacking the principles of its foundation chasing the dollar what a world we are turning into,Negative,Negative
Good for songs but what’s the point of advertising for people to advertise and then advertise for premium so they don’t want to listen to ads it’s beyond me,3,good for songs but whats the point of advertising for people to advertise and then advertise for premium so they dont want to listen to ads its beyond me,Neutral,Neutral
"I have a domain name email. I kept getting daily SPAM emails to this address for many years.I searched everywhere. How are they getting my email? The only thing I used it for was a free Spotify account – but all notifications were switched off on Spotify.I changed my address on Spotify to a dump gmail address and the SPAM immediately ended on my domain address *and* on Google.My conclusion: Spotify is selling my domain name address. Google has a better SPAM filter that knocks out these emails.If you are using Spotify, use a gmail dump address as your login.",1,i have a domain name email i kept getting daily spam emails to this address for many yearsi searched everywhere how are they getting my email the only thing i used it for was a free spotify account but all notifications were switched off on spotifyi changed my address on spotify to a dump gmail address and the spam immediately ended on my domain address and on googlemy conclusion spotify is selling my domain name address google has a better spam filter that knocks out these emailsif you are using spotify use a gmail dump address as your login,Negative,Negative
"I cancelled my subscription trial last week, but my card was still billed for the next month anyway. When I tried using the live chat support, the agent kept switching every few messages, and nobody gave a straightforward answer about my refund request. I had to dispute the transaction through my online banking app. Turning off auto-renew in the account dashboard feels intentionally confusing.",1,i cancelled my subscription trial last week but my card was still billed for the next month anyway when i tried using the live chat support the agent kept switching every few messages and nobody gave a straightforward answer about my refund request i had to dispute the transaction through my online banking app turning off autorenew in the account dashboard feels intentionally confusing,Negative,Negative
"Those unprofessional and incompetent people allow anyone to register using any email address. They do send a verification email, thankfully, but they still let the original id*ot use your email address to create an account.I've had to delete an account three times. Three times they allowed someone else to register with my email. Three times I had to remove accounts that should never have been created if the company had followed basic modern practices for account registration on the Internet.",1,those unprofessional and incompetent people allow anyone to register using any email address they do send a verification email thankfully but they still let the original idot use your email address to create an accountive had to delete an account three times three times they allowed someone else to register with my email three times i had to remove accounts that should never have been created if the company had followed basic modern practices for account registration on the internet,Negative,Negative
"Absolute scam. They continued to charge me for 3 months after I thought I cancelled the subscription, with ZERO email notifications or invoices sent. Customer service is basically robots reading T&Cs and refusing to escalate. I had to go through my bank to issue a Chargeback to get my money back. Avoid giving them your card details!",1,absolute scam they continued to charge me for months after i thought i cancelled the subscription with zero email notifications or invoices sent customer service is basically robots reading tcs and refusing to escalate i had to go through my bank to issue a chargeback to get my money back avoid giving them your card details,Negative,Negative
Plays similar songs for me after listening like 5 songs! Don’t download!,1,plays similar songs for me after listening like songs dont download,Negative,Negative
"I like the app. Having all your fave music at the tip of your fingers is great.Here’s the cons. I stream almost every day & because I stream, I cannot listen to my fave music (dmca) so I’ve been forced to source alternative music in the same genre.Now because I am forced to listen to bands I would never normally listen to my fave bands are not getting anything from me in revenue because I am forced onto other dmca free music. Kudos to those bands they’re getting revenue.My anger at it all is that now according to spotify is my fave bands are no longer my fave bands, now all the dmca free music is my fave music & this couldn’t be further from the truth.It’s disappointing that I can no longer listen to or support my fave music such as metallica, five finger death punch, screaming jets, ac/dc, etc because of dmca. Hope the music industry is happy with that.Also, I now have to unsubscribe from spotify notifications because it sends me notifications on tours for my apparently new fave music & no notifications for my actual fave bands, disappointing system",5,i like the app having all your fave music at the tip of your fingers is greatheres the cons i stream almost every day because i stream i cannot listen to my fave music dmca so ive been forced to source alternative music in the same genrenow because i am forced to listen to bands i would never normally listen to my fave bands are not getting anything from me in revenue because i am forced onto other dmca free music kudos to those bands theyre getting revenuemy anger at it all is that now according to spotify is my fave bands are no longer my fave bands now all the dmca free music is my fave music this couldnt be further from the truthits disappointing that i can no longer listen to or support my fave music such as metallica five finger death punch screaming jets acdc etc because of dmca hope the music industry is happy with thatalso i now have to unsubscribe from spotify notifications because it sends me notifications on tours for my apparently new fave music no notifications for my actual fave bands disappointing system,Positive,Positive
"Its ok when it works but try and get help thats a different matter. All contact is through Chat which isn't great but it can work, however ive tried numerous times and the agent keeps changing like every couple of responses so you end up getting nowhere and the next agent misunderstands and then contradicts the previous one. I've also had money debited from my account, not a normal monthly subscription cost a couple of times and then refunded a few days later without explanation nor can the chat explain. This is marketed premium service with a premium cost but terrible customer service, its like they are providing customer service for a free App. I've moved elsewhere, come on Spotify get your act together or you will be finished.",2,its ok when it works but try and get help thats a different matter all contact is through chat which isnt great but it can work however ive tried numerous times and the agent keeps changing like every couple of responses so you end up getting nowhere and the next agent misunderstands and then contradicts the previous one ive also had money debited from my account not a normal monthly subscription cost a couple of times and then refunded a few days later without explanation nor can the chat explain this is marketed premium service with a premium cost but terrible customer service its like they are providing customer service for a free app ive moved elsewhere come on spotify get your act together or you will be finished,Negative,Negative
"I het it sucks when you don't pay for it. But it should work at least at a decent level when you literally pay for it every month. It keeps telling you ""no wifi"" when ant other app has wifi, is somehow unable to play downloaded songs without wifi, of at least not without gigadelay. Jeez this is a paid service get ur shit together",1,i het it sucks when you dont pay for it but it should work at least at a decent level when you literally pay for it every month it keeps telling you no wifi when ant other app has wifi is somehow unable to play downloaded songs without wifi of at least not without gigadelay jeez this is a paid service get ur shit together,Negative,Negative
"I use Spotify almost every day, mostly while I'm working or driving.Most of the time I don't even make playlists anymore. I start with one song and let it keep going. Sometimes I skip a few tracks, but over time it has got really good at recommending music I actually like. I've found quite a few artists that I probably wouldn't have discovered on my own.I also like that I can switch between my phone and laptop without thinking about it. Everything just stays where I left it.",5,i use spotify almost every day mostly while im working or drivingmost of the time i dont even make playlists anymore i start with one song and let it keep going sometimes i skip a few tracks but over time it has got really good at recommending music i actually like ive found quite a few artists that i probably wouldnt have discovered on my owni also like that i can switch between my phone and laptop without thinking about it everything just stays where i left it,Positive,Positive
"This app is trying to force me to pay for to listen on what I want and it’s always switching up my songs from my playlist I can’t even pick on what I want to listen to and it’s telling me that I have to pay zero dollars for one month with no ads and then after I have to pay for premium because of it even though I tried my cash app and it declined for no reason, even though I have over 80$",1,this app is trying to force me to pay for to listen on what i want and its always switching up my songs from my playlist i cant even pick on what i want to listen to and its telling me that i have to pay zero dollars for one month with no ads and then after i have to pay for premium because of it even though i tried my cash app and it declined for no reason even though i have over,Negative,Negative
"Spotify is honestly the best app on any of my devices, the personalized sets of playlists each day. I hear something new I love every week, especially New Music Friday and Release Radar. I wish I always had access to all of the music basically ever produced. I forgot how I lived before this app.",5,spotify is honestly the best app on any of my devices the personalized sets of playlists each day i hear something new i love every week especially new music friday and release radar i wish i always had access to all of the music basically ever produced i forgot how i lived before this app,Positive,Positive
Im not a spotify custmer and i keep having money taken from mh bank account ive just tried to contact them for a refund and there were not helpful what so ever,1,im not a spotify custmer and i keep having money taken from mh bank account ive just tried to contact them for a refund and there were not helpful what so ever,Negative,Negative
"Since Spotify has stopped offering prepaid gift cards in retail stores, you've left me with no choice but to switch to another music streaming service. I don't want a subscription, and I appreciated having the flexibility to pay with prepaid gift cards.So, goodbye Spotify. You're not the only option anymore. If more customers who prefer prepaid payments make the same decision, it could affect your ability to attract and retain users.",2,since spotify has stopped offering prepaid gift cards in retail stores youve left me with no choice but to switch to another music streaming service i dont want a subscription and i appreciated having the flexibility to pay with prepaid gift cardsso goodbye spotify youre not the only option anymore if more customers who prefer prepaid payments make the same decision it could affect your ability to attract and retain users,Negative,Negative
my account got hacked and i tried contacting support 3 times and everytime i did they just closed conversation after saying they will check it out without any respone worst support ive dealt with in my life and a horrible app too,1,my account got hacked and i tried contacting support times and everytime i did they just closed conversation after saying they will check it out without any respone worst support ive dealt with in my life and a horrible app too,Negative,Negative
"The most horrible and unstable app on Planet Earth for Windows, Android, and any other Operating System ever made on God's Green Earth. I tried installing 3 different versions on my Windows11 Desktop. Every time it gives me Error 103. I cleared data, Reinstalled, Tried Running as Admininistrator. Cleared and Flushed my DNS, my IP address. Formatted and Fresh installed it again on my Harddive, hell I even got in touch with microsoft Support since it keps telling me my firewall was blocking it but I never changed my settings and even disabled my firewall but nope. Nothing. Every other applicaiton on my desktop is working just fine without a hitch.I'd rather listen to Elephants Farting than any music track on this Dumpster Fire of an app.",1,the most horrible and unstable app on planet earth for windows android and any other operating system ever made on gods green earth i tried installing different versions on my windows desktop every time it gives me error i cleared data reinstalled tried running as admininistrator cleared and flushed my dns my ip address formatted and fresh installed it again on my harddive hell i even got in touch with microsoft support since it keps telling me my firewall was blocking it but i never changed my settings and even disabled my firewall but nope nothing every other applicaiton on my desktop is working just fine without a hitchid rather listen to elephants farting than any music track on this dumpster fire of an app,Negative,Negative
HiWent on a paid trial and even though I cancelled was still charged  for a renewal tired to contact them which was difficult and long and at the end still charged me for a month of service that I won’t be using but they have lost mine and my families business for ever so be careful they are nearly impossible to contact and when you do you wish for hadn’tKind regards Debs,1,hiwent on a paid trial and even though i cancelled was still charged for a renewal tired to contact them which was difficult and long and at the end still charged me for a month of service that i wont be using but they have lost mine and my families business for ever so be careful they are nearly impossible to contact and when you do you wish for hadntkind regards debs,Negative,Negative
Been using Spotify for quite a long while. Really love it!👍🏻🙂❤️,5,been using spotify for quite a long while really love it,Positive,Positive
Had the unfortunate experience of having profiles across different regions. Asian access and costs are far superior to the nonsense they provide in the west which is thick with limitations and advertising. One of those leech companies we should all make an effort to avoid. There are far superior artist friendly alternatives. Gross.,1,had the unfortunate experience of having profiles across different regions asian access and costs are far superior to the nonsense they provide in the west which is thick with limitations and advertising one of those leech companies we should all make an effort to avoid there are far superior artist friendly alternatives gross,Negative,Negative
This is the worst customer service I ever encountered. I fell for a three month free trial via the Trainline app. However I didn't use it so cancelled within about six weeks. Got a screen message confirming that I would revert to the free version and thought no more about it until I saw payment taken from my credit card in July. I hadn't even used the service or I guess I would have noticed I was not on the free version. But I was seriously ill in hospital at the time.I have just wasted nearly an hour trying to find customer service to be told refunds aren't in their policy.  Then they offer to cancel now as if they are doing me a favour.  An utter disgrace and a cynical way to exploit customers,1,this is the worst customer service i ever encountered i fell for a three month free trial via the trainline app however i didnt use it so cancelled within about six weeks got a screen message confirming that i would revert to the free version and thought no more about it until i saw payment taken from my credit card in july i hadnt even used the service or i guess i would have noticed i was not on the free version but i was seriously ill in hospital at the timei have just wasted nearly an hour trying to find customer service to be told refunds arent in their policy then they offer to cancel now as if they are doing me a favour an utter disgrace and a cynical way to exploit customers,Negative,Negative
Spotify is the worst listening app imaginable. If you dont want to pay 14 buck a month and go on free be ready to have an add every 2 songs. I cant even listen to one playlist without having more adds than my actual songs. They treat their free users like trash. Don't install it.,1,spotify is the worst listening app imaginable if you dont want to pay buck a month and go on free be ready to have an add every songs i cant even listen to one playlist without having more adds than my actual songs they treat their free users like trash dont install it,Negative,Negative
"really arrogant customer service. there were problems with the family account, the issue could not be resolved. I do not recommend this to anyone who wants reliability from the service. customer service was directed to India where the person behaved in a disrespectful manner.",1,really arrogant customer service there were problems with the family account the issue could not be resolved i do not recommend this to anyone who wants reliability from the service customer service was directed to india where the person behaved in a disrespectful manner,Negative,Negative
"i had a premium family subscription with 6 family members, now they claim that my  credit card didn't work,( No problem with my Card anywhere else) they cancelled my  family plan, without informing me.  and now my only option is a plan for 4 people for the same amount as before. in short a 33% price hike.",1,i had a premium family subscription with family members now they claim that my credit card didnt work no problem with my card anywhere else they cancelled my family plan without informing me and now my only option is a plan for people for the same amount as before in short a price hike,Negative,Negative
"There's a peculiar irony in being told that, as a frequent traveller, I must use a payment method issued in whatever country I happen to find myself in.One would imagine that a company of Spotify's scale had long since mastered the rather mundane art of accepting payment from customers who occasionally cross borders.Instead, you've managed to transform a simple subscription into an administrative obstacle course.It's an inconvenience at best, and an excellent incentive for customers to explore competitors at worst.",1,theres a peculiar irony in being told that as a frequent traveller i must use a payment method issued in whatever country i happen to find myself inone would imagine that a company of spotifys scale had long since mastered the rather mundane art of accepting payment from customers who occasionally cross bordersinstead youve managed to transform a simple subscription into an administrative obstacle courseits an inconvenience at best and an excellent incentive for customers to explore competitors at worst,Negative,Negative
"I've been using Spotify for years, and it's usually fantastic, but recent updates are frustrating. The new interface feels cluttered, making it hard to find what I want. Plus, the app crashes more often now. I hope they fix these issues soon.",2,ive been using spotify for years and its usually fantastic but recent updates are frustrating the new interface feels cluttered making it hard to find what i want plus the app crashes more often now i hope they fix these issues soon,Negative,Negative
La version gratuita es terrible y la premium demasiado cara por el servicio. Dinosaurios,1,la version gratuita es terrible y la premium demasiado cara por el servicio dinosaurios,Negative,Negative
Spotify 100% sucks! It always stops playing! It's annoying. You would think they would fix it by now with having so many one-star ratings. If I could give it a zero star I would. I'd rather pay for YouTube premium..,1,spotify sucks it always stops playing its annoying you would think they would fix it by now with having so many onestar ratings if i could give it a zero star i would id rather pay for youtube premium,Negative,Negative
"I was on a run, like i do every day and all of a sudden the song im listening to cuts out and starts blasting some sort of rap in my ear.When i tried to fix it it got louder so i threw off my headphones and got hit by a car which i could’ve dodged if spotify hadn’t been so shitty, now i am in the hospital with a broken femur all because of spotify.",1,i was on a run like i do every day and all of a sudden the song im listening to cuts out and starts blasting some sort of rap in my earwhen i tried to fix it it got louder so i threw off my headphones and got hit by a car which i couldve dodged if spotify hadnt been so shitty now i am in the hospital with a broken femur all because of spotify,Negative,Negative
Take money from my bank account for a Spotify account which I have never opened.  When I ask for my money back they refuse.  Abysmal,1,take money from my bank account for a spotify account which i have never opened when i ask for my money back they refuse abysmal,Negative,Negative
"This app is the most ridiculous thing I have ever dealt with. It constantly randomly likes to log me out and then when I try to log back in it does not cooperate with me what-so-ever. This app is more annoying, frustrating, and idiotic than my husbands parents. I hate this app. I hate everything about it. Just get amazon music. Im so traumatized I felt the need to write this review.",1,this app is the most ridiculous thing i have ever dealt with it constantly randomly likes to log me out and then when i try to log back in it does not cooperate with me whatsoever this app is more annoying frustrating and idiotic than my husbands parents i hate this app i hate everything about it just get amazon music im so traumatized i felt the need to write this review,Negative,Negative
"I've been paying for Spotify Duo, yet Spotify now injects ads into podcasts on a paid subscription. There is no excuse for showing ads to paying customers — that's the whole point of paying. After 10 years and 373 liked songs, I've migrated my entire library and podcasts to YouTube Music and cancelled my subscription. Trash move, Spotify.",1,ive been paying for spotify duo yet spotify now injects ads into podcasts on a paid subscription there is no excuse for showing ads to paying customers thats the whole point of paying after years and liked songs ive migrated my entire library and podcasts to youtube music and cancelled my subscription trash move spotify,Negative,Negative
Ads on podcastsoverpriced,1,ads on podcastsoverpriced,Negative,Negative
"so shit i cant even play my music, its super slow on my phone and it has nothing good to offer when not paying, worst music app ever",1,so shit i cant even play my music its super slow on my phone and it has nothing good to offer when not paying worst music app ever,Negative,Negative
Spotify is the worse music app ever they give you 5+ ads for listening to 2 songs it's not funny at all . Also the 6 skips per hour and you can only pick songs yourself limited amount of times is so freaking stupid. I wish Spotify could see this and go back to the way it was before because the way it is now is horrible. I'm actually thinking of switching to YouTube music,1,spotify is the worse music app ever they give you ads for listening to songs its not funny at all also the skips per hour and you can only pick songs yourself limited amount of times is so freaking stupid i wish spotify could see this and go back to the way it was before because the way it is now is horrible im actually thinking of switching to youtube music,Negative,Negative
"I verified my account as a student account and should have only been charged 6.99. Instead I got charged 12.99 and when I tried to get a refund, the policy says ""will not refund for charges already paid"". Yeah isn't the whole point of a refund to get your money back? On top of that the FAQ help section is useless and confusing. Under the ""Charged too much"" tab, all it shows is how to view your receipt and THATS IT, does NOT address how to solve getting charged too much. Scummy business and policy. Canceled subscription and looking for alternatives.",1,i verified my account as a student account and should have only been charged instead i got charged and when i tried to get a refund the policy says will not refund for charges already paid yeah isnt the whole point of a refund to get your money back on top of that the faq help section is useless and confusing under the charged too much tab all it shows is how to view your receipt and thats it does not address how to solve getting charged too much scummy business and policy canceled subscription and looking for alternatives,Negative,Negative
"Spotify is a very strong platform from a listener’s perspective: it is convenient, easy to use, offers a huge music library, and has become one of the main places where people discover and listen to music.From the perspective of an independent artist, however, my experience is much more disappointing. Spotify gives the impression of reach and visibility, but in practice very little of that turns into real support or sustainable growth. Streams generate extremely low income, older achievements quickly lose visibility, follower numbers feel unstable, and without additional marketing money almost nothing happens.The problem is not Spotify alone, but the whole system around it. Artists create the music, invest time, money and energy, while platforms, distributors, labels and marketing services benefit far more from the structure. For independent musicians, this can easily become frustrating: you keep working, hoping and investing, but the system rarely gives much back.For listeners, Spotify is excellent. For independent artists, it can be deeply discouraging, unfair and exhausting.",2,spotify is a very strong platform from a listeners perspective it is convenient easy to use offers a huge music library and has become one of the main places where people discover and listen to musicfrom the perspective of an independent artist however my experience is much more disappointing spotify gives the impression of reach and visibility but in practice very little of that turns into real support or sustainable growth streams generate extremely low income older achievements quickly lose visibility follower numbers feel unstable and without additional marketing money almost nothing happensthe problem is not spotify alone but the whole system around it artists create the music invest time money and energy while platforms distributors labels and marketing services benefit far more from the structure for independent musicians this can easily become frustrating you keep working hoping and investing but the system rarely gives much backfor listeners spotify is excellent for independent artists it can be deeply discouraging unfair and exhausting,Negative,Negative
Thieves of the music industry . They steal royalties and streams from artists around the world . Artists only get paid after the first 1000 streams which is a kick in the teeth on all hardworking musicians . They should be sued .,1,thieves of the music industry they steal royalties and streams from artists around the world artists only get paid after the first streams which is a kick in the teeth on all hardworking musicians they should be sued,Negative,Negative
"Insane with the ads. I got through TWO songs before I had to listen to FOUR advertisements. I realize this is the free version, but seriously?",1,insane with the ads i got through two songs before i had to listen to four advertisements i realize this is the free version but seriously,Negative,Negative
I love my Spotify and have built it up over years. Im now paying for premium without the services and have been for months. There is no way to contact to fix this. How do I fix this as I’ve paid for approx 6 months with no premium.,2,i love my spotify and have built it up over years im now paying for premium without the services and have been for months there is no way to contact to fix this how do i fix this as ive paid for approx months with no premium,Negative,Negative
Spotify is awful I can’t even choose what song I play anymore and the ads are longer than the songs! It only allows me six skips and won’t let me sign into my family plan GO TO APPLE MUSIC,1,spotify is awful i cant even choose what song i play anymore and the ads are longer than the songs it only allows me six skips and wont let me sign into my family plan go to apple music,Negative,Negative
"I try every single one of the methods I learn about, yet my songs keep getting skipped no matter what. I might have to switch to Apple Music. It's a good thing I have cds and vinyls though.",1,i try every single one of the methods i learn about yet my songs keep getting skipped no matter what i might have to switch to apple music its a good thing i have cds and vinyls though,Negative,Negative
"Kinda aids when you go the app and the show you a playlist and they show you a completly different list way away from ur music liking? idk, even if you pay the app feels like a complete malware at this point with all the pop ups distubing you from playing the music you acutally want to listen to.",1,kinda aids when you go the app and the show you a playlist and they show you a completly different list way away from ur music liking idk even if you pay the app feels like a complete malware at this point with all the pop ups distubing you from playing the music you acutally want to listen to,Negative,Negative
"First, they should better compensate the artists who devote so much time to creating their music. Second, they should ban the fake AI-generated artists found on their platform. AI-generated music generates no revenue for artists, yet you pay to listen to it. I wouldn't be surprised if Spotify were inventing these fake artists to fill our playlists. Shame on them.",1,first they should better compensate the artists who devote so much time to creating their music second they should ban the fake aigenerated artists found on their platform aigenerated music generates no revenue for artists yet you pay to listen to it i wouldnt be surprised if spotify were inventing these fake artists to fill our playlists shame on them,Negative,Negative
Cancelled my subscription in April. Randomly got a subscription charge 2 months later July 1. Contacted support two different agents told me two different stories never got a refund. If you cancel your subscription make sure you delete your card. Sketchy ass people,1,cancelled my subscription in april randomly got a subscription charge months later july contacted support two different agents told me two different stories never got a refund if you cancel your subscription make sure you delete your card sketchy ass people,Negative,Negative
"For the 5th time, the payment failed for my premium family account despite me following the instructions from the last very long exchange of messages from the support team. There was no option to pay and reinstate the family account, it reverted to my previous individual account. All of my son's saved music was lost. Again.",1,for the th time the payment failed for my premium family account despite me following the instructions from the last very long exchange of messages from the support team there was no option to pay and reinstate the family account it reverted to my previous individual account all of my sons saved music was lost again,Negative,Negative
"Just to change your payment date you have to cancel, wait until the free service starts, then wait again to resubscribe on your preferred payment date!And worse than that rigmarole- you’ll be bumped back to the £21.99 Family Premium with Audio Books even if you were previously on the £17.99 plan.A succession of emails from random “Executive Escalation” won’t help you. One even suggested I make sure my payment card had no funds until my preferred payment date so my usual payment would fail until then! That was truly suggested to me as a solution!😂",1,just to change your payment date you have to cancel wait until the free service starts then wait again to resubscribe on your preferred payment dateand worse than that rigmarole youll be bumped back to the family premium with audio books even if you were previously on the plana succession of emails from random executive escalation wont help you one even suggested i make sure my payment card had no funds until my preferred payment date so my usual payment would fail until then that was truly suggested to me as a solution,Negative,Negative
If there is a option in negative I will prefer it!! But I don't recommend anyone to all to buy Prem and waste af all hardworking money,1,if there is a option in negative i will prefer it but i dont recommend anyone to all to buy prem and waste af all hardworking money,Negative,Negative
"I'm done with the free tier. The ads are relentless, every few songs, same handful of irrelevant ads on repeat. If this is ""targeting,"" it's broken.The part that actually made me write this is that, if you turn the volume down during an ad it pauses (!!!!), then restarts the second you turn it back up. Is this even allowed?That's not an ad-supported service Spotify, that's just hostile.I'm not asking for ad-free. But being literally forced to listen to all ads, which are terrible targeted on top of that, so literally not relevant at all, ads up to an experience that feels designed to wear you down until you pay.",1,im done with the free tier the ads are relentless every few songs same handful of irrelevant ads on repeat if this is targeting its brokenthe part that actually made me write this is that if you turn the volume down during an ad it pauses then restarts the second you turn it back up is this even allowedthats not an adsupported service spotify thats just hostileim not asking for adfree but being literally forced to listen to all ads which are terrible targeted on top of that so literally not relevant at all ads up to an experience that feels designed to wear you down until you pay,Negative,Negative
"I likeSpotify, however, please add a premium plan as a free option so we don't have to pay to remove your very stupid and annoying ads so rudely interrupt our music  and the fact on the current free plan version we only get six skips. Spotify, do better",1,i likespotify however please add a premium plan as a free option so we dont have to pay to remove your very stupid and annoying ads so rudely interrupt our music and the fact on the current free plan version we only get six skips spotify do better,Negative,Negative
seeing the amount of 1 star reviews is frying me bcs idk what drugs ur spotify is on 🥹 i personally LOVE my spotify like it does what it needs to do... all the ai playlists are really annoying me but some of them are actually so funny like why is there a legit playlist called 'the adventures of tung tung tung sahur.' anyway love spotify and im glad that mine isn't tweaking...,5,seeing the amount of star reviews is frying me bcs idk what drugs ur spotify is on i personally love my spotify like it does what it needs to do all the ai playlists are really annoying me but some of them are actually so funny like why is there a legit playlist called the adventures of tung tung tung sahur anyway love spotify and im glad that mine isnt tweaking,Positive,Positive
Shuffle play just plays the same songs all the time and even repeats them! So frustrating and I’ve had to delete certain songs ha that I love because I’m sick of it picking those ones and it’s actually put me off certain songs I used to love!,1,shuffle play just plays the same songs all the time and even repeats them so frustrating and ive had to delete certain songs ha that i love because im sick of it picking those ones and its actually put me off certain songs i used to love,Negative,Negative
Why. Why???? Spotify gives only 15 hours of audio books. Barely can listen one before time cuts off. Yes… adding extra 15 hours/$12.99 is greedy from the company.,2,why why spotify gives only hours of audio books barely can listen one before time cuts off yes adding extra hours is greedy from the company,Negative,Negative
Customer service absolutely useless.  Many hours going round in circles on a webchat. Simple issue still not resolved.,1,customer service absolutely useless many hours going round in circles on a webchat simple issue still not resolved,Negative,Negative
"i was charged for no reason, with my new card that i never even added. this company refused my refund. never useing this site/app, avoid if you can.",1,i was charged for no reason with my new card that i never even added this company refused my refund never useing this siteapp avoid if you can,Negative,Negative
"You genuinely hear more ads than actual music, and it doesn't help that it's always the same 5 ""targeted"" ads that have no correlation to you",1,you genuinely hear more ads than actual music and it doesnt help that its always the same targeted ads that have no correlation to you,Negative,Negative
"tried logging in after months of being away. I can't use my email address as it is a registered member. i was so cool. I try to log in says ""OOPS and some Bullshit""i can't get to any page wher i can access my detaild to update payment as SPOTIFY wont let me into my own account!!!ia was needing some music for my morning run. I will choose another provider. SPOTIFY YOU LOST A CUSTOIMER AS I COULD NOT EVEN GET TO RESET MY PASSWORD",1,tried logging in after months of being away i cant use my email address as it is a registered member i was so cool i try to log in says oops and some bullshiti cant get to any page wher i can access my detaild to update payment as spotify wont let me into my own accountia was needing some music for my morning run i will choose another provider spotify you lost a custoimer as i could not even get to reset my password,Negative,Negative
what's wrong with the laggy music like i swear it stays paused for like a whole minute and it only goes back to normal when i go the app its self its just so annoying. Also they decided to think it was a good idea to add 1 AND A HALF MUUNUTE ADDS!!!! like can it  get any worse. alr that's all,1,whats wrong with the laggy music like i swear it stays paused for like a whole minute and it only goes back to normal when i go the app its self its just so annoying also they decided to think it was a good idea to add and a half muunute adds like can it get any worse alr thats all,Negative,Negative
Terrible cancellation procedure and the free option plays the same few songs on my 400 liked songs,1,terrible cancellation procedure and the free option plays the same few songs on my liked songs,Negative,Negative
"Unfortunately, Spotify is not the best (in the free version). In the free version I somehow can't use repeat which I love doing on my MacBook, you can't use repeat on mobile for some reason. Don't know if it's just my mobile phone or everybody else's phone. Sometimes when I create a music playlist it will always just play a different song in the middle of playing a playlist that's not relevant to the song's added in the playlist. Oh, and also one time it promised to play 2 ads but instead played 3. Use apple music instead.",1,unfortunately spotify is not the best in the free version in the free version i somehow cant use repeat which i love doing on my macbook you cant use repeat on mobile for some reason dont know if its just my mobile phone or everybody elses phone sometimes when i create a music playlist it will always just play a different song in the middle of playing a playlist thats not relevant to the songs added in the playlist oh and also one time it promised to play ads but instead played use apple music instead,Negative,Negative
What is this edit system I can't move my songs anymore in my playlists like what is this new update I'm starting to think if I want to swap to a different app now because of this it's just pissing me off now,2,what is this edit system i cant move my songs anymore in my playlists like what is this new update im starting to think if i want to swap to a different app now because of this its just pissing me off now,Negative,Negative
"I think it is unfair you get an ad after almost every song.  There are simply too many ads.  It is particularly unfair for kids, why should a child have to suffer so many advertisements.  Paying for premium is too expensive.  I just think free should have less ads, like maybe one every 5 songs.",1,i think it is unfair you get an ad after almost every song there are simply too many ads it is particularly unfair for kids why should a child have to suffer so many advertisements paying for premium is too expensive i just think free should have less ads like maybe one every songs,Negative,Negative
Worst customer service ever - struggled to get online rather then app to cancel the free trial and then was charged and finally they replied and said they wouldn’t refund as given plenty of notice within the trial to cancel - explained I couldn’t access account as email didn’t work and could renew password and had reached out to them prior and no response - I even escalated the complaint twice and told no refund as my fault,1,worst customer service ever struggled to get online rather then app to cancel the free trial and then was charged and finally they replied and said they wouldnt refund as given plenty of notice within the trial to cancel explained i couldnt access account as email didnt work and could renew password and had reached out to them prior and no response i even escalated the complaint twice and told no refund as my fault,Negative,Negative
"I changed my password, now i cant login for 24h, if i want to contact customer service i need to login ...WTF!!Insane that huge companies like spotify have the freedom of doing wathever they want to their customers",1,i changed my password now i cant login for h if i want to contact customer service i need to login wtfinsane that huge companies like spotify have the freedom of doing wathever they want to their customers,Negative,Negative
"Money out of your bank account and then tell you it’s your fault. You’re better off, listening to AM/FM radio. I will never allow this app to be on my phone again nor any of my Childrens phones. There are thieves who make billions of dollars off of your minimum wage. Swallow that pill and tell me it tasted good.",1,money out of your bank account and then tell you its your fault youre better off listening to amfm radio i will never allow this app to be on my phone again nor any of my childrens phones there are thieves who make billions of dollars off of your minimum wage swallow that pill and tell me it tasted good,Negative,Negative
Prices of the subscription went sky high in the last year also the app still doesnt support loseless audio.,3,prices of the subscription went sky high in the last year also the app still doesnt support loseless audio,Neutral,Neutral
Recently Had a Playlist with multiple songs and came back to that same Playlist and more than half my songs were deleted/gone of my Playlist!  Anyone else face the same problem? Its happened in the past before. Well tried to get with customer service and trust me that was a shit show! There's no explaining anything to them whatsoever! Nothing was resolved and now I have to make sure to screen shot my Playlist so I can recover manually I guess. Spotify use to be the shit!! Now its just shit lol. Guess gonna try out another music app. Rip old school Spotify.,1,recently had a playlist with multiple songs and came back to that same playlist and more than half my songs were deletedgone of my playlist anyone else face the same problem its happened in the past before well tried to get with customer service and trust me that was a shit show theres no explaining anything to them whatsoever nothing was resolved and now i have to make sure to screen shot my playlist so i can recover manually i guess spotify use to be the shit now its just shit lol guess gonna try out another music app rip old school spotify,Negative,Negative
Absolutely terrible app. Spotify seems to think editing music to suit their agenda is something they can do *Ahem* Jamiroquai's music has been severely edited.,1,absolutely terrible app spotify seems to think editing music to suit their agenda is something they can do ahem jamiroquais music has been severely edited,Negative,Negative
its so trash ads every 2 seconds,1,its so trash ads every seconds,Negative,Negative
"bro, the songs won't even play 💀",1,bro the songs wont even play,Negative,Negative
"I couldn't change the email to the account to my new one, I couldn't use the first one because I no longer had access to it. I somehow figured my password out and put the email in but when I went to change the email it just kept repeating ""Something went wrong please try again"" and honestly spotify is so greedy. The owners are terrible people too.",1,i couldnt change the email to the account to my new one i couldnt use the first one because i no longer had access to it i somehow figured my password out and put the email in but when i went to change the email it just kept repeating something went wrong please try again and honestly spotify is so greedy the owners are terrible people too,Negative,Negative
"I was just tryna listen to music and as soon as I get on the app I get 5 adds that are all 30 seconds and not even 5 minutes later I get 5 more adds and then yall have the audacity to not let me choose my songs and instead say,”songs get chosen in random order”,fix this horrible app that’s why your ratings are horrible and Apple Music is better.SMH",1,i was just tryna listen to music and as soon as i get on the app i get adds that are all seconds and not even minutes later i get more adds and then yall have the audacity to not let me choose my songs and instead saysongs get chosen in random orderfix this horrible app thats why your ratings are horrible and apple music is bettersmh,Negative,Negative
"• i pay the full price, but my region is overlooked and half the features are not available (video podcasts, audio books, etc)• there is a bug where the app quits suddenly during podcasts. it has been there for a while, and i'm forced to fiddle with the web player• and the profit maximizing strategies designed to squeeze out ever single coin they can without addressing the issues plaguing their service for years",1,i pay the full price but my region is overlooked and half the features are not available video podcasts audio books etc there is a bug where the app quits suddenly during podcasts it has been there for a while and im forced to fiddle with the web player and the profit maximizing strategies designed to squeeze out ever single coin they can without addressing the issues plaguing their service for years,Negative,Negative
"Slow launching, not allowing to share liked songs, not being able to copy and paste lists of songs.",1,slow launching not allowing to share liked songs not being able to copy and paste lists of songs,Negative,Negative
"I tried to subscribe to Spotify and it replied saying that I ""didn't meet their age requirements."" Since I'm over 50 years old, I can't get an answer as to, how old is too old for Spotify? Since I am clearly not too young. I got sent to a robo chat to inquire as when are you too old for Spotify? I balked when they wanted my CC number to charge m $5 to talk to a technician. I've lived this long without Spotify, so I guess I'll be good living out my remaining continuing to do without.",1,i tried to subscribe to spotify and it replied saying that i didnt meet their age requirements since im over years old i cant get an answer as to how old is too old for spotify since i am clearly not too young i got sent to a robo chat to inquire as when are you too old for spotify i balked when they wanted my cc number to charge m to talk to a technician ive lived this long without spotify so i guess ill be good living out my remaining continuing to do without,Negative,Negative
"Embarrassing. Years ago, I accepted not being able to use the free version for phones because it was too limited, and I settled for the compromise that on PC the service had no limits and was free. Today, that's not the case, at least not directly because you pay with patience. Literally 4 ads for every 2 songs. As soon as I open the app after listening to a song, the ""commercial break"" starts. Yes, thank you so much for the ""break."" I really needed it after 3 minutes of listening. You've completely failed in the compromise of offering a free service with ads. Remove the free version completely, you'll make a better impression. If you hadn't shown me that you were totally undeserving, I might even have subscribed sooner or later, but now I wouldn't do it even if it were the last music platform on earth. would be like feeding vultures with a belly that's already bursting. But you don't care anyway, you're too big to even read this review, good for you.",2,embarrassing years ago i accepted not being able to use the free version for phones because it was too limited and i settled for the compromise that on pc the service had no limits and was free today thats not the case at least not directly because you pay with patience literally ads for every songs as soon as i open the app after listening to a song the commercial break starts yes thank you so much for the break i really needed it after minutes of listening youve completely failed in the compromise of offering a free service with ads remove the free version completely youll make a better impression if you hadnt shown me that you were totally undeserving i might even have subscribed sooner or later but now i wouldnt do it even if it were the last music platform on earth would be like feeding vultures with a belly thats already bursting but you dont care anyway youre too big to even read this review good for you,Negative,Negative
They keep increasing the freaking subscription monthly but do nothing about the unstable pc app that needs to be reinstalled ALL THE TIME!Cannot wait to unsubscribe.,1,they keep increasing the freaking subscription monthly but do nothing about the unstable pc app that needs to be reinstalled all the timecannot wait to unsubscribe,Negative,Negative
"There’s no help on the support bot chat,God help me get my premium back.",1,theres no help on the support bot chatgod help me get my premium back,Negative,Negative
i paid for 1 year full offical payment and they disabled account and no refund,1,i paid for year full offical payment and they disabled account and no refund,Negative,Negative
"They have been charging my account since ,Sept 2025, for my dead husbands account,without pemission, Im not inpressed",1,they have been charging my account since sept for my dead husbands accountwithout pemission im not inpressed,Negative,Negative
"Premium member - Spotify has lost the plot!Spotify used to be brilliant, but lately, it refuses to play my choices in my order, always lands up going to some Spotify determined order and excludes many songs from my chosen playlist and adds whatever it decides I like...No way to clear the queue, option is not available.I am in the process of duplicating my playlists in Apple Music, once done i will be unsubscribing from Spotify.",1,premium member spotify has lost the plotspotify used to be brilliant but lately it refuses to play my choices in my order always lands up going to some spotify determined order and excludes many songs from my chosen playlist and adds whatever it decides i likeno way to clear the queue option is not availablei am in the process of duplicating my playlists in apple music once done i will be unsubscribing from spotify,Negative,Negative
"With annual subscription about to expire I signed up to switch to a monthly plan with a start date 10 days away.Instead, the switch happened immediately and I lost the remaining days of my annual sub including the audiobook hours I’d paid for. No suggestion this would happen when I applied for the switch.Been through a torturous process with Customer Support to try and resolve . The responses I was getting were just idiotic, I honestly thought at times it was a chatbot it was that bad.Having been told there was nothing they could do I asked for the email of an executive so I could escalate. I chased them 3 times for this!I was then offered a £5.50 refund. A meaningless sum in the scheme of things but just shows if you don’t keep pushing these so and so’s they will just fob you off.All they had to was say sorry and fix it first time of asking.If I wasn’t such a big fan of the product I’d be off elsewhere.",1,with annual subscription about to expire i signed up to switch to a monthly plan with a start date days awayinstead the switch happened immediately and i lost the remaining days of my annual sub including the audiobook hours id paid for no suggestion this would happen when i applied for the switchbeen through a torturous process with customer support to try and resolve the responses i was getting were just idiotic i honestly thought at times it was a chatbot it was that badhaving been told there was nothing they could do i asked for the email of an executive so i could escalate i chased them times for thisi was then offered a refund a meaningless sum in the scheme of things but just shows if you dont keep pushing these so and sos they will just fob you offall they had to was say sorry and fix it first time of askingif i wasnt such a big fan of the product id be off elsewhere,Negative,Negative
"Can’t access an old Facebook email, so messaged support asking for help as that was how I logged in to Spotify. After being transferred to a ‘specialist’ I was told that my account ‘has been disabled due to security reasons and we can't reactivate it’. When I asked what the security reason was and if my data was possibly breached I was told ‘We don't have any more information to share, but we'll be here if you need help with anything else. I'm afraid this isn't something customer service can help with. Unless you have a technical or payment issue, I'll be ending this chat’Absolute ass response. 2026 customer service for you.",1,cant access an old facebook email so messaged support asking for help as that was how i logged in to spotify after being transferred to a specialist i was told that my account has been disabled due to security reasons and we cant reactivate it when i asked what the security reason was and if my data was possibly breached i was told we dont have any more information to share but well be here if you need help with anything else im afraid this isnt something customer service can help with unless you have a technical or payment issue ill be ending this chatabsolute ass response customer service for you,Negative,Negative
"Have ah paid subscription since some years to listen to music and podcasts. Since some months the advertising has gone through the roof. Often as many as 21 commercials in one podcast of 1,5 hour!!! It makes listening to podcasts unbearable, and I came to dislike ( and I express that lightly) those who advertise there like ikea and shopify. Will never go to those businesses again after being overdosed this extreme in the last months. What’s the point of this????? Do Spotify and IKEA really think this saturation approach works? Come on?! Will end my paid subscription here and now.",1,have ah paid subscription since some years to listen to music and podcasts since some months the advertising has gone through the roof often as many as commercials in one podcast of hour it makes listening to podcasts unbearable and i came to dislike and i express that lightly those who advertise there like ikea and shopify will never go to those businesses again after being overdosed this extreme in the last months whats the point of this do spotify and ikea really think this saturation approach works come on will end my paid subscription here and now,Negative,Negative
to many fn commercials every other song or every song worse then the radio airwaves or getting close,2,to many fn commercials every other song or every song worse then the radio airwaves or getting close,Negative,Negative
"I was surprised to be charged for Spotify Premium because I did not receive a reminder before the renewal. When I tried to cancel and request a refund, the process was confusing and it was not immediately clear who was handling the billing. I think customers should receive a clear reminder before renewal and have an easier way to manage cancellations and refunds",1,i was surprised to be charged for spotify premium because i did not receive a reminder before the renewal when i tried to cancel and request a refund the process was confusing and it was not immediately clear who was handling the billing i think customers should receive a clear reminder before renewal and have an easier way to manage cancellations and refunds,Negative,Negative
"Everytime you stop me from playing the tracks I want only I shut the app down and go and listen to music on other app.The reason I still keep using your app and not get rid of it, is because I like the layout and functionality, but as soon as I can’t listen to the songs I want to listen to, you lose me a a customer (to watch your adverts that you get income from) for the rest of that day until the metrics reset.You really need to change your business model if you want to increase your revenue, focusing on keeping non-paying customers on your app for longer and you’ll increase your advertising revenue.",2,everytime you stop me from playing the tracks i want only i shut the app down and go and listen to music on other appthe reason i still keep using your app and not get rid of it is because i like the layout and functionality but as soon as i cant listen to the songs i want to listen to you lose me a a customer to watch your adverts that you get income from for the rest of that day until the metrics resetyou really need to change your business model if you want to increase your revenue focusing on keeping nonpaying customers on your app for longer and youll increase your advertising revenue,Negative,Negative
"So you add more of useless features, while app's performance degrades and bugs multiply. Priorities.",1,so you add more of useless features while apps performance degrades and bugs multiply priorities,Negative,Negative
"Spotify is double charging me.  They put charges on my credit card two weeks in a row. It is absolutely impossible to talk with a real person.  You get robot answers and they are ridiculous.  Spent a load of time online trying to straighten out the problem with no success!  To stop them, I have to close down my credit card and get issued a new one.  Buyer beware!!",1,spotify is double charging me they put charges on my credit card two weeks in a row it is absolutely impossible to talk with a real person you get robot answers and they are ridiculous spent a load of time online trying to straighten out the problem with no success to stop them i have to close down my credit card and get issued a new one buyer beware,Negative,Negative
"I used to love Spotify, and discovering new music. Now? My recommendations are constantly flooded with AI generated shit I don't want to ever hear. There is no way to block it. I don't want to need to do research instead of relaxing and enjoying. Time to find a new music app.",1,i used to love spotify and discovering new music now my recommendations are constantly flooded with ai generated shit i dont want to ever hear there is no way to block it i dont want to need to do research instead of relaxing and enjoying time to find a new music app,Negative,Negative
"As a Spotify user of several years the app is becoming increasingly frustrating.It repeatedly pauses during play, plays tunes that haven't been selected and generally seems sluggish.Ant queries to Spotify are met with the usual ""uninstall/reinstall"" reply.I also still have to listen to adverts on podcasts despite paying for premium.The service has been deteriorating for quite some time and I'm now actively looking at other options.",1,as a spotify user of several years the app is becoming increasingly frustratingit repeatedly pauses during play plays tunes that havent been selected and generally seems sluggishant queries to spotify are met with the usual uninstallreinstall replyi also still have to listen to adverts on podcasts despite paying for premiumthe service has been deteriorating for quite some time and im now actively looking at other options,Negative,Negative
"Be very careful,they have no way of stopping you getting scammed.",1,be very carefulthey have no way of stopping you getting scammed,Negative,Negative
"What I can only describe as a virus, have since terminated my subscription.Continually plays in the background despite turning off!.When using earbuds listening to anything you only have to randomly touch buds and discover Spotify playing in the background.Extremely annoying.",1,what i can only describe as a virus have since terminated my subscriptioncontinually plays in the background despite turning offwhen using earbuds listening to anything you only have to randomly touch buds and discover spotify playing in the backgroundextremely annoying,Negative,Negative
"I am leaving this review to express my deep frustration with the current state of Spotify’s ad-supported tier. While I understand that ads are a necessary component of a free service, the current implementation has become incredibly invasive. I am being subjected to the same promotional advertisements for specific albums 24/7, which has completely ruined the listening experience and made the platform feel more like a forced marketing channel than a music player.As a listener who cannot currently afford the monthly cost of a premium subscription, I feel trapped by the aggressive ad flow. I should not be forced to listen to content that is completely outside of my musical taste on a constant loop. The lack of variety in the advertisement rotation makes the app feel repetitive and stifling, significantly degrading the quality of time I spend trying to enjoy music on the platform.I hope the developers reconsider this strategy of saturating the free tier with such repetitive and unavoidable promotions. There needs to be a balance between monetization and the basic functionality of the app. Until the frequency and the intrusive nature of these specific artist promotions are addressed, I cannot recommend this app to anyone looking for an enjoyable, personalized listening experience.",1,i am leaving this review to express my deep frustration with the current state of spotifys adsupported tier while i understand that ads are a necessary component of a free service the current implementation has become incredibly invasive i am being subjected to the same promotional advertisements for specific albums which has completely ruined the listening experience and made the platform feel more like a forced marketing channel than a music playeras a listener who cannot currently afford the monthly cost of a premium subscription i feel trapped by the aggressive ad flow i should not be forced to listen to content that is completely outside of my musical taste on a constant loop the lack of variety in the advertisement rotation makes the app feel repetitive and stifling significantly degrading the quality of time i spend trying to enjoy music on the platformi hope the developers reconsider this strategy of saturating the free tier with such repetitive and unavoidable promotions there needs to be a balance between monetization and the basic functionality of the app until the frequency and the intrusive nature of these specific artist promotions are addressed i cannot recommend this app to anyone looking for an enjoyable personalized listening experience,Negative,Negative
"unexpected loudness, obtained tinnitus",1,unexpected loudness obtained tinnitus,Negative,Negative
"I’ve been a Spotify Premium subscriber for quite a while, and overall I’ve never had issues with my payments, billing, or music streaming experience. Compared to some of the reviews I’ve seen from other users, my account itself has functioned well.However, my biggest frustration is with podcasts and the way ads are still delivered throughout episodes, even while paying for Premium.I understand the difference between Spotify platform ads and ads embedded directly by podcast creators, but from a customer perspective, “Premium” and “ad-free” create the expectation of uninterrupted listening. Instead, podcast episodes are still constantly interrupted by host-read sponsorships and promotional segments.Music playback is mostly excellent, but the podcast experience feels misleading when paying customers still have to manually skip through ads and sponsored interruptions. If Spotify markets Premium as an ad-free experience, there should be clearer communication about what that actually means for podcast listeners.I’m not asking for perfection. I just want the uninterrupted listening experience I believed I was paying for.",2,ive been a spotify premium subscriber for quite a while and overall ive never had issues with my payments billing or music streaming experience compared to some of the reviews ive seen from other users my account itself has functioned wellhowever my biggest frustration is with podcasts and the way ads are still delivered throughout episodes even while paying for premiumi understand the difference between spotify platform ads and ads embedded directly by podcast creators but from a customer perspective premium and adfree create the expectation of uninterrupted listening instead podcast episodes are still constantly interrupted by hostread sponsorships and promotional segmentsmusic playback is mostly excellent but the podcast experience feels misleading when paying customers still have to manually skip through ads and sponsored interruptions if spotify markets premium as an adfree experience there should be clearer communication about what that actually means for podcast listenersim not asking for perfection i just want the uninterrupted listening experience i believed i was paying for,Negative,Negative
"I have given up on Spotify because, rather than providing customer service, they give you the runaround with prescribed questions about problems and no response to the actual problem you are having with the site. I pay for premium but constantly get ads. After trying to get through to them to solve this I decided to stop wasting my time.",1,i have given up on spotify because rather than providing customer service they give you the runaround with prescribed questions about problems and no response to the actual problem you are having with the site i pay for premium but constantly get ads after trying to get through to them to solve this i decided to stop wasting my time,Negative,Negative
"They used to add ads in there in-between moment when you switch to a new song, understandable because at the end of the day, spotify is a business. I listen to a song on repeat and never have any ad. But today THEY ACTUALLY DO IT WHICH IS SO DIABOLICAL. 1 STAR, DELETED.",1,they used to add ads in there inbetween moment when you switch to a new song understandable because at the end of the day spotify is a business i listen to a song on repeat and never have any ad but today they actually do it which is so diabolical star deleted,Negative,Negative
"You guys should stop so agresivly put kacap language music in my listenings shuffle.I never listened russian language music, never liked it, but somehow spotify want me to listen this trash.",2,you guys should stop so agresivly put kacap language music in my listenings shufflei never listened russian language music never liked it but somehow spotify want me to listen this trash,Negative,Negative
"Spotify used to be actually good.Since they started using AI to write their code instead of human programmers (around the end of 2025) the app has become borderline unusable. Showing that you’re offline despite having a stable internet connection, deleting songs from your liked playlist, getting rid of the songs and playlists you’ve downloaded, being PHYSICALLY UNABLE to click on a song along with general glitching, buffering and the music not playing once you exit the app sometimes. If any Spotify executives actually care to listen to the people paying the egregious $12.99 a month for their equally substandard app they will realise how awful it actually has become. To those executives: you have been in an ass and seen shit. You wonder why people keep complaining about your app for months now despite not doing anything for your consumers and everything for the pro-AI millionaires whose balls you suckle for the mere concept of extra profit. Do you think that a poorly trained AI will be better than a professional who has spent years perfecting their knowledge and skills? Do you think that upon your app disintegrating into nothing more than unusable slop your consumers, your clients who you seem to care less than your used toilet paper about, will continue to support you?Stop putting investors and the prospect of profit above the people who pay your wages, man.Awful app. The only reason i still use it is because of how many playlists i have and the futile hope that the AI bubble bursts and it’ll be back to how it once was.",1,spotify used to be actually goodsince they started using ai to write their code instead of human programmers around the end of the app has become borderline unusable showing that youre offline despite having a stable internet connection deleting songs from your liked playlist getting rid of the songs and playlists youve downloaded being physically unable to click on a song along with general glitching buffering and the music not playing once you exit the app sometimes if any spotify executives actually care to listen to the people paying the egregious a month for their equally substandard app they will realise how awful it actually has become to those executives you have been in an ass and seen shit you wonder why people keep complaining about your app for months now despite not doing anything for your consumers and everything for the proai millionaires whose balls you suckle for the mere concept of extra profit do you think that a poorly trained ai will be better than a professional who has spent years perfecting their knowledge and skills do you think that upon your app disintegrating into nothing more than unusable slop your consumers your clients who you seem to care less than your used toilet paper about will continue to support youstop putting investors and the prospect of profit above the people who pay your wages manawful app the only reason i still use it is because of how many playlists i have and the futile hope that the ai bubble bursts and itll be back to how it once was,Negative,Negative
Worst 'customer service' experience EVER!!,1,worst customer service experience ever,Negative,Negative
"Absolutely terrible service. Half the time it just tells you it can't load and requests you to go to offline mode, despite full cell and Internet service, and when it doesn't do that, it just drops songs/podcasts.I refuse to pay for this service. Use YouTube Premium instead. Much better product for your hard earned dollar.",1,absolutely terrible service half the time it just tells you it cant load and requests you to go to offline mode despite full cell and internet service and when it doesnt do that it just drops songspodcastsi refuse to pay for this service use youtube premium instead much better product for your hard earned dollar,Negative,Negative
"Every time I click my song it does not work and this has been going on for over 2 weeks, YouTube is better then this. Please fix this problem or I think I may not use it.",2,every time i click my song it does not work and this has been going on for over weeks youtube is better then this please fix this problem or i think i may not use it,Negative,Negative
Zero stars with all these ads after each song,1,zero stars with all these ads after each song,Negative,Negative
"Used to open spotify while working every single day.Now they won't even let me  repeat songs properly ,so iam now using split screen and listening songs from YouTube  at this point spotify feels completely useless to me",1,used to open spotify while working every single daynow they wont even let me repeat songs properly so iam now using split screen and listening songs from youtube at this point spotify feels completely useless to me,Negative,Negative
"The worst support i have seen in my life. I bought a subscription, it charged my card but didn't gave me the premium functionality. I reached out to the support, they took an hour but didn't came up with any solution. Kept me on hold for more than an hour and finally I have to demand for the refund. When I asked for the refund they said your money didn't got paid, you'll get the refund. It is showing in my Spotify account that my money is paid and even in my card from which I paid. The support people name was April J, Hager E., Argyl S.",1,the worst support i have seen in my life i bought a subscription it charged my card but didnt gave me the premium functionality i reached out to the support they took an hour but didnt came up with any solution kept me on hold for more than an hour and finally i have to demand for the refund when i asked for the refund they said your money didnt got paid youll get the refund it is showing in my spotify account that my money is paid and even in my card from which i paid the support people name was april j hager e argyl s,Negative,Negative
"Just retried a Spotify Premium subscription after exclusively using Apple Music for almost one year, and I'm shocked at the low fidelity of the music. Very low quality compared to Apple Music and not competitive at all on pricing.",1,just retried a spotify premium subscription after exclusively using apple music for almost one year and im shocked at the low fidelity of the music very low quality compared to apple music and not competitive at all on pricing,Negative,Negative
"This app is trash. I went to school, And when i got back, And selected a song, It said ""Choose a song to play tomorrow."" And i needed premium to select a song. If i didnt, It just plays a random song from the playlist. This app is actually trash.",1,this app is trash i went to school and when i got back and selected a song it said choose a song to play tomorrow and i needed premium to select a song if i didnt it just plays a random song from the playlist this app is actually trash,Negative,Negative
"The app is horrid. You can pick what songs you want on the computer but not on the app??? Nobody goes to online music over radio to only be allowed to hear their music on shuffle. It's bad enough I have to listen to commercials, but to have to listen on shuffle is adding insult to injury. And the subscription price is way more money than it's worth. Now they add even more insult to injury by forcing songs on you that aren't even on the chosen playlist marking them as ""recommended"". If I want your recommendation I'll ask for it!! Spotify is sinking and I'm jumping ship.",1,the app is horrid you can pick what songs you want on the computer but not on the app nobody goes to online music over radio to only be allowed to hear their music on shuffle its bad enough i have to listen to commercials but to have to listen on shuffle is adding insult to injury and the subscription price is way more money than its worth now they add even more insult to injury by forcing songs on you that arent even on the chosen playlist marking them as recommended if i want your recommendation ill ask for it spotify is sinking and im jumping ship,Negative,Negative
"Great app, but paid version, free version has too many ads and destroys the sense of music.",3,great app but paid version free version has too many ads and destroys the sense of music,Neutral,Neutral
why do they only have 2 stars? Spotify is one of the best products in the world!!,5,why do they only have stars spotify is one of the best products in the world,Positive,Positive
"Love the family account, my 4 children can also enjoy their playlists",4,love the family account my children can also enjoy their playlists,Positive,Positive
"Been paying for a decade with zero issues but woke up 2 days ago to my homepage just being AI slop playlists. When i contacted customer support they told me it was a glitch and put me through 7 hours and 18 advisors telling me to uninstall/reinstall/clear cache/check the laptop version/it's a problem with my phone/make a new account. I asked several times if it was just their new look but was told no, it's a problem. After 7 hours yet another advisor told me it was their new update. I cancelled then and there. Don't waste my whole day telling me it's a glitch then admit it's your new AI slop update.",1,been paying for a decade with zero issues but woke up days ago to my homepage just being ai slop playlists when i contacted customer support they told me it was a glitch and put me through hours and advisors telling me to uninstallreinstallclear cachecheck the laptop versionits a problem with my phonemake a new account i asked several times if it was just their new look but was told no its a problem after hours yet another advisor told me it was their new update i cancelled then and there dont waste my whole day telling me its a glitch then admit its your new ai slop update,Negative,Negative
"Price gouging at its best. No notification of price increases, which are unwarranted, and no authorization required to charge you more money. The music distribution is subpar. Unable to play family sharing across multiple access points at the same time. Choose another music source.",1,price gouging at its best no notification of price increases which are unwarranted and no authorization required to charge you more money the music distribution is subpar unable to play family sharing across multiple access points at the same time choose another music source,Negative,Negative
"Once one has paid its high-end subscription fees for so-called ""Premium"", and spent days browsing YouTube and various AIs to learn how to use its complex and difficult tech, let alone get your money's worth out of Spotify, you are left entirely on your own.SERVICE IS ANATHEMA TO THIS CROWD!*Emails are never replied to.*The chatbot is an utter waste of time & effort flinging out stock, off-the-shelf guesses.*Humans try to resolve, but are completely at sea.*Months of back & forth will leave you wanting.*Each interaction will gobble up at least three hours of your time at enormous effort - without resolution.*You cannot get your costly account or ""library"" to synchronize across various devices.*Even the so-called ""Community"" cannot resolve many issues.*You are doggedly ignored on social media - @Spotify & offshoots on X.*To prevent negative feedback, so-called feedback surveys are deliberately posted at obscure hours before ultra-tight deadlines ""expire"".But, hey, Spotify debits your account at the speed of light each month, doesn't it! Definitely NOT a nice, caring, supportive, considerate, enthusiastic or service-oriented streaming platform to invest your faith or money in!",1,once one has paid its highend subscription fees for socalled premium and spent days browsing youtube and various ais to learn how to use its complex and difficult tech let alone get your moneys worth out of spotify you are left entirely on your ownservice is anathema to this crowdemails are never replied tothe chatbot is an utter waste of time effort flinging out stock offtheshelf guesseshumans try to resolve but are completely at seamonths of back forth will leave you wantingeach interaction will gobble up at least three hours of your time at enormous effort without resolutionyou cannot get your costly account or library to synchronize across various deviceseven the socalled community cannot resolve many issuesyou are doggedly ignored on social media offshoots on xto prevent negative feedback socalled feedback surveys are deliberately posted at obscure hours before ultratight deadlines expirebut hey spotify debits your account at the speed of light each month doesnt it definitely not a nice caring supportive considerate enthusiastic or serviceoriented streaming platform to invest your faith or money in,Negative,Negative
"User Interface getting worst and worst, artists are not rightfully retributed, support is useless.",1,user interface getting worst and worst artists are not rightfully retributed support is useless,Negative,Negative
Greedy company. Won’t let you choose specific songs to play (only a limited number) unless you pay a subscription. Why? Spotify used to also only have 3 ad breaks. Now they’ve ramped it up to 5 ads. No one wants to hear 5 ads. And no one wants to keep having app glitches. Horrible app. I prefer SoundCloud a lottttt more.,1,greedy company wont let you choose specific songs to play only a limited number unless you pay a subscription why spotify used to also only have ad breaks now theyve ramped it up to ads no one wants to hear ads and no one wants to keep having app glitches horrible app i prefer soundcloud a lottttt more,Negative,Negative
"Dear, spotify i was a member since day 1. Removing gift cards was a huge betrayal. Goodbye.",1,dear spotify i was a member since day removing gift cards was a huge betrayal goodbye,Negative,Negative
"It is incredibly infuriating to see that my Audio book hours cap at 15. Considering I have been only listening to one book and now I need to wait until the next billing date to another set of hours. The add on plan is only ANOTHER 11.99$! For something that could be included on top of a price that raises EVERY YEAR. It’s not as if the developers themselves are putting that money towards making to app better for the user. Slower, less options when compared to other apps, and the only new editions are AI interfaces or an UGLY LOGO. BOO YOU",1,it is incredibly infuriating to see that my audio book hours cap at considering i have been only listening to one book and now i need to wait until the next billing date to another set of hours the add on plan is only another for something that could be included on top of a price that raises every year its not as if the developers themselves are putting that money towards making to app better for the user slower less options when compared to other apps and the only new editions are ai interfaces or an ugly logo boo you,Negative,Negative
"Spotify use to br great for streaming, now it sucks! I've been a member for over 8 years and now I'll be canceling service.  Glitches, songs downloaded removed, and the price steadily rising, is not worth it.",1,spotify use to br great for streaming now it sucks ive been a member for over years and now ill be canceling service glitches songs downloaded removed and the price steadily rising is not worth it,Negative,Negative
You have proven you are a brought agent for certain artists. There is no authenticity with your streaming services.,1,you have proven you are a brought agent for certain artists there is no authenticity with your streaming services,Negative,Negative
"The app remains my go-to player for daily listening. I really liked the new ""Import your music from other apps"" banner in the library — finally, you can move old tracks without clunky third-party websites. The recommendations on the home page are also quite good, and the editor's 20th-anniversary picks are nicely designed. On the downside, the playlist creation interface got a bit confusing. It took me a couple of minutes to figure out where the regular playlist option was versus Collaborative or Blend because the new bottom menu layout feels less intuitive. Still, for sound quality and syncing, it's a solid four stars.",4,the app remains my goto player for daily listening i really liked the new import your music from other apps banner in the library finally you can move old tracks without clunky thirdparty websites the recommendations on the home page are also quite good and the editors thanniversary picks are nicely designed on the downside the playlist creation interface got a bit confusing it took me a couple of minutes to figure out where the regular playlist option was versus collaborative or blend because the new bottom menu layout feels less intuitive still for sound quality and syncing its a solid four stars,Positive,Positive
"The desktop app works fine for playing my daily mix while I work, no real complaints there. Lately, the mobile version keeps dropping my downloaded podcasts when I'm driving through areas with poor signal though. Hopefully, they patch this soon.",4,the desktop app works fine for playing my daily mix while i work no real complaints there lately the mobile version keeps dropping my downloaded podcasts when im driving through areas with poor signal though hopefully they patch this soon,Positive,Positive
Most of the  in spotify is  Spotify itself and there is so many ads aswell and atleast make the ads relevant please,1,most of the in spotify is spotify itself and there is so many ads aswell and atleast make the ads relevant please,Negative,Negative
"Greedy will not reduce prices for over 60s but cheap for students who supposedly has no money but can purchase pot. I listen to it on Spotify so here  is a little trick adverts come on,alexa mute then a minute or so, alexa u mute.",1,greedy will not reduce prices for over s but cheap for students who supposedly has no money but can purchase pot i listen to it on spotify so here is a little trick adverts come onalexa mute then a minute or so alexa u mute,Negative,Negative
After 10 years on this service with the same 4 family members Spotify started harassing each family member about confirming their home address. My son didn't receive the email as he used an email address years ago to sign up that no longer works. Spotify kicked him off our family plan and now he has lost 10 years worth  of play lists as a result EVEN though I pay every month for the service? They claim he cant sign back in to his account by any other means to recover it due to security reasons. Time to take our business elsewhere,1,after years on this service with the same family members spotify started harassing each family member about confirming their home address my son didnt receive the email as he used an email address years ago to sign up that no longer works spotify kicked him off our family plan and now he has lost years worth of play lists as a result even though i pay every month for the service they claim he cant sign back in to his account by any other means to recover it due to security reasons time to take our business elsewhere,Negative,Negative
When ever feel sad or any mind out just open Spotify they can which song you want heal up our wounds just trust Spotify ❤️,5,when ever feel sad or any mind out just open spotify they can which song you want heal up our wounds just trust spotify,Positive,Positive
"Fairly decent, needs more flexible pricing options. Have been using them since 2016 - app works great.",4,fairly decent needs more flexible pricing options have been using them since app works great,Positive,Positive
customer support is slow. Premium prices are high.,2,customer support is slow premium prices are high,Negative,Negative
